"Activity Name","Course Code","Activity Host Key","Actvity Type","Day Name","Start Time","End Time","Location Name"
"MATH1 Fundamentals of Algebra and Calculus Initial Meeting/01","MATH07003_SV1_SEM1","#SPLUSDC2BFD","Tutorial - Online Live","Thursday","10:00","10:50",""
"MATH1 Fundamentals of Algebra and Calculus Initial Meeting/02","MATH07003_SV1_SEM1","#SPLUS648763","Tutorial - Online Live","Thursday","11:10","12:00",""
"MATH1 Fundamentals of Algebra and Calculus Initial Meeting/03","MATH07003_SV1_SEM1","#SPLUSDC2BFF","Tutorial - Online Live","Friday","10:00","10:50",""
"MATH1 Fundamentals of Algebra and Calculus Initial Meeting/04","MATH07003_SV1_SEM1","#SPLUS648765","Tutorial - Online Live","Friday","11:10","12:00",""
"MATH1 ILA tutorial (online)/01","MATH08057_SV1_SEM1","#SPLUS1BB1DE","Tutorial - Online Live","Monday","17:10","18:00",""
"MATH1 ILA tutorial (online)/02","MATH08057_SV1_SEM1","#SPLUS1BB212","Tutorial - Online Live","Tuesday","10:00","10:50",""
"MATH1 ILA tutorial (online)/03","MATH08057_SV1_SEM1","#SPLUS1BB214","Tutorial - Online Live","Tuesday","12:10","13:00",""
"MATH1 ILA tutorial (online)/04","MATH08057_SV1_SEM1","#SPLUS1BB218","Tutorial - Online Live","Tuesday","17:10","18:00",""
"MATH1 ILA tutorial (online)/05","MATH08057_SV1_SEM1","#SPLUS1BB216","Tutorial - Online Live","Tuesday","15:10","16:00",""
"MATH1 ILA tutorial (online)/06","MATH08057_SV1_SEM1","#SPLUS1BB252","Tutorial - Online Live","Wednesday","10:00","10:50",""
"MATH1 ILA tutorial (online)/07","MATH08057_SV1_SEM1","#SPLUS1BB258","Tutorial - Online Live","Wednesday","17:10","18:00",""
"MATH1 ILA tutorial (online)/08","MATH08057_SV1_SEM1","#SPLUS1BB254","Tutorial - Online Live","Wednesday","12:10","13:00",""
"MATH1 ILA tutorial (online)/09","MATH08057_SV1_SEM1","#SPLUS1BB256","Tutorial - Online Live","Monday","15:10","16:00",""
"MATH1 ILA tutorial (SoM)/10","MATH08057_SV1_SEM1","#SPLUS1BB1D8","Tutorial","Monday","15:10","16:00","2.03"
"MATH1 ILA tutorial (SoM)/11","MATH08057_SV1_SEM1","#SPLUS1BB1DA","Tutorial","Monday","16:10","17:00","2.03"
"MATH1 ILA tutorial (SoM)/12","MATH08057_SV1_SEM1","#SPLUS1BB1DC","Tutorial","Monday","17:10","18:00","2.03"
"MATH1 ILA tutorial (SoM)/13","MATH08057_SV1_SEM1","#SPLUS1BB202","Tutorial","Tuesday","9:00","9:50","2.03"
"MATH1 ILA tutorial (SoM)/14","MATH08057_SV1_SEM1","#SPLUS1BB204","Tutorial","Tuesday","10:00","10:50","2.03"
"MATH1 ILA tutorial (SoM)/15","MATH08057_SV1_SEM1","#SPLUS1BB206","Tutorial","Tuesday","11:10","12:00","2.03"
"MATH1 ILA tutorial (SoM)/16","MATH08057_SV1_SEM1","#SPLUS1BB208","Tutorial","Tuesday","12:10","13:00","2.03"
"MATH1 ILA tutorial (SoM)/17","MATH08057_SV1_SEM1","#SPLUS1BB20A","Tutorial","Tuesday","14:10","15:00","2.03"
"MATH1 ILA tutorial (SoM)/18","MATH08057_SV1_SEM1","#SPLUS1BB20C","Tutorial","Tuesday","15:10","16:00","2.03"
"MATH1 ILA tutorial (SoM)/19","MATH08057_SV1_SEM1","#SPLUS1BB20E","Tutorial","Tuesday","16:10","17:00","2.03"
"MATH1 ILA tutorial (SoM)/20","MATH08057_SV1_SEM1","#SPLUS1BB210","Tutorial","Tuesday","17:10","18:00","2.03"
"MATH1 ILA tutorial (SoM)/21","MATH08057_SV1_SEM1","#SPLUS1BB1D6","Tutorial","Monday","14:10","15:00","2.03"
"MATH1 ILA tutorial (SoM)/22","MATH08057_SV1_SEM1","#SPLUS1BB242","Tutorial","Wednesday","9:00","9:50","2.03"
"MATH1 ILA tutorial (SoM)/23","MATH08057_SV1_SEM1","#SPLUS1BB244","Tutorial","Wednesday","10:00","10:50","2.03"
"MATH1 ILA tutorial (SoM)/24","MATH08057_SV1_SEM1","#SPLUS1BB246","Tutorial","Wednesday","11:10","12:00","2.03"
"MATH1 ILA tutorial (SoM)/25","MATH08057_SV1_SEM1","#SPLUS1BB248","Tutorial","Wednesday","12:10","13:00","2.03"
"MATH1 ILA tutorial (SoM)/26","MATH08057_SV1_SEM1","#SPLUS1BB24A","Tutorial","Wednesday","14:10","15:00","2.03"
"MATH1 ILA tutorial (SoM)/27","MATH08057_SV1_SEM1","#SPLUS1BB24C","Tutorial","Wednesday","15:10","16:00","2.03"
"MATH1 ILA tutorial (SoM)/28","MATH08057_SV1_SEM1","#SPLUS1BB24E","Tutorial","Wednesday","16:10","17:00","2.03"
"MATH1 ILA tutorial (SoM)/29","MATH08057_SV1_SEM1","#SPLUS1BB250","Tutorial","Wednesday","17:10","18:00","2.03"
"MATH1 ILA tutorial (SoM)/42","MATH08057_SV1_SEM1","#SPLUS1BB228","Tutorial","Monday","16:10","17:00","M2 - Teaching Studio"
"MATH1 ILA tutorial (SoM)/45","MATH08057_SV1_SEM1","#SPLUS1BB23C","Tutorial","Monday","15:10","16:00","Lecture Theatre 2"
"MATH1 ILA tutorial (SoM)/56","MATH08057_SV1_SEM1","#SPLUS1BB23A","Tutorial","Monday","14:10","15:00","Lecture Theatre 2"
"MATH1 ILA tutorial (SoM)/61","MATH08057_SV1_SEM1","#SPLUS1BB226","Tutorial","Monday","15:10","16:00","M2 - Teaching Studio"
"MATH1 ILA tutorial/30","MATH08057_SV1_SEM1","#SPLUS1BB1F2","Tutorial","Tuesday","9:00","9:50","Lecture Theatre 2"
"MATH1 ILA tutorial/31","MATH08057_SV1_SEM1","#SPLUS1BB1E2","Tutorial","Tuesday","9:00","9:50","M2 - Teaching Studio"
"MATH1 ILA tutorial/32","MATH08057_SV1_SEM1","#SPLUS1BB1E4","Tutorial","Tuesday","10:00","10:50","M2 - Teaching Studio"
"MATH1 ILA tutorial/33","MATH08057_SV1_SEM1","#SPLUS1BB1E6","Tutorial","Tuesday","11:10","12:00","M2 - Teaching Studio"
"MATH1 ILA tutorial/34","MATH08057_SV1_SEM1","#SPLUS1BB1EE","Tutorial","Tuesday","16:10","17:00","M2 - Teaching Studio"
"MATH1 ILA tutorial/35","MATH08057_SV1_SEM1","#SPLUS1BB1F0","Tutorial","Tuesday","17:10","18:00","M2 - Teaching Studio"
"MATH1 ILA tutorial/36","MATH08057_SV1_SEM1","#SPLUS1BB21C","Tutorial","Wednesday","9:00","9:50","M2 - Teaching Studio"
"MATH1 ILA tutorial/37","MATH08057_SV1_SEM1","#SPLUS1BB21E","Tutorial","Wednesday","10:00","10:50","M2 - Teaching Studio"
"MATH1 ILA tutorial/38","MATH08057_SV1_SEM1","#SPLUS1BB220","Tutorial","Wednesday","11:10","12:00","M2 - Teaching Studio"
"MATH1 ILA tutorial/39","MATH08057_SV1_SEM1","#SPLUS1BB235","Tutorial","Wednesday","11:10","12:00","Lecture Theatre 2"
"MATH1 ILA tutorial/40","MATH08057_SV1_SEM1","#SPLUS1BB222","Tutorial","Wednesday","12:10","13:00","M2 - Teaching Studio"
"MATH1 ILA tutorial/41","MATH08057_SV1_SEM1","#SPLUS1BB224","Tutorial","Monday","14:10","15:00","M2 - Teaching Studio"
"MATH1 ILA tutorial/43","MATH08057_SV1_SEM1","#SPLUS1BB23E","Tutorial","Monday","16:10","17:00","Lecture Theatre 2"
"MATH1 ILA tutorial/44","MATH08057_SV1_SEM1","#SPLUS1BB240","Tutorial","Monday","17:10","18:00","Lecture Theatre 2"
"MATH1 ILA tutorial/46","MATH08057_SV1_SEM1","#SPLUS1BB1F6","Tutorial","Tuesday","11:10","12:00","Lecture Theatre 2"
"MATH1 ILA tutorial/47","MATH08057_SV1_SEM1","#SPLUS1BB200","Tutorial","Tuesday","17:10","18:00","Lecture Theatre 2"
"MATH1 ILA tutorial/48","MATH08057_SV1_SEM1","#SPLUS1BB1FE","Tutorial","Tuesday","16:10","17:00","Lecture Theatre 2"
"MATH1 ILA tutorial/49","MATH08057_SV1_SEM1","#SPLUS1BB1FA","Tutorial","Tuesday","14:10","15:00","Lecture Theatre 2"
"MATH1 ILA tutorial/50","MATH08057_SV1_SEM1","#SPLUS1BB1E8","Tutorial","Tuesday","12:10","13:00","M2 - Teaching Studio"
"MATH1 ILA tutorial/51","MATH08057_SV1_SEM1","#SPLUS1BB1EC","Tutorial","Tuesday","15:10","16:00","M2 - Teaching Studio"
"MATH1 ILA tutorial/52","MATH08057_SV1_SEM1","#SPLUS1BB1EA","Tutorial","Tuesday","14:10","15:00","M2 - Teaching Studio"
"MATH1 ILA tutorial/53","MATH08057_SV1_SEM1","#SPLUS1BB1F4","Tutorial","Tuesday","10:00","10:50","Lecture Theatre 2"
"MATH1 ILA tutorial/54","MATH08057_SV1_SEM1","#SPLUS1BB1F8","Tutorial","Tuesday","12:10","13:00","Lecture Theatre 2"
"MATH1 ILA tutorial/55","MATH08057_SV1_SEM1","#SPLUS1BB1FC","Tutorial","Tuesday","15:10","16:00","Lecture Theatre 2"
"MATH1 ILA tutorial/57","MATH08057_SV1_SEM1","#SPLUS1BB239","Tutorial","Wednesday","12:10","13:00","Lecture Theatre 2"
"MATH1 ILA tutorial/58","MATH08057_SV1_SEM1","#SPLUS1BB231","Tutorial","Wednesday","10:00","10:50","Lecture Theatre 2"
"MATH1 ILA tutorial/59","MATH08057_SV1_SEM1","#SPLUS1BB22C","Tutorial","Wednesday","9:00","9:50","Lecture Theatre 2"
"MATH1 ILA tutorial/60","MATH08057_SV1_SEM1","#SPLUS1BB22A","Tutorial","Monday","17:10","18:00","M2 - Teaching Studio"
"MATH2 AAC - Tut (Online)/01","MATH08062_SS1_SEM1","#SPLUSE99797","Tutorial - Online Live","Monday","10:30","11:30",""
"MATH2 AAC - Tut (Suite 2)/02","MATH08062_SS1_SEM1","#SPLUSE99792","Tutorial","Monday","10:30","11:30","1501"
"MATH2 AAC - Tut (Suite 2)/03","MATH08062_SS1_SEM1","#SPLUSE9978E","Tutorial","Monday","10:30","11:30","3217 - Teaching Studio"
"MATH2 AAC - Tut (Suite 2)/04","MATH08062_SS1_SEM1","#SPLUSD98A1B","Tutorial","Monday","10:30","11:30","3217 - Teaching Studio"
"MATH2 Acc Alg & Calc - Office hours","MATH08062_SS1_SEM1","#SPLUS1BB6AA","Activity - Online Live","Friday","13:10","14:00",""
"MATH2 SVCDE - Tut (Online)/01","MATH08063_SV1_SEM1","#SPLUSE99704","Tutorial - Online Live","Monday","9:00","9:50",""
"MATH2 SVCDE - Tut (Online)/02","MATH08063_SV1_SEM1","#SPLUSE99706","Tutorial - Online Live","Monday","10:30","11:30",""
"MATH2 SVCDE - Tut (Online)/03","MATH08063_SV1_SEM1","#SPLUSE99708","Tutorial - Online Live","Monday","12:10","13:00",""
"MATH2 SVCDE - Tut (Online)/04","MATH08063_SV1_SEM1","#SPLUSE9970A","Tutorial - Online Live","Monday","14:10","15:00",""
"MATH2 SVCDE - Tut (Online)/05","MATH08063_SV1_SEM1","#SPLUSE9970C","Tutorial - Online Live","Monday","15:30","16:30",""
"MATH2 SVCDE - Tut (Online)/06","MATH08063_SV1_SEM1","#SPLUS9BDD45","Tutorial - Online Live","Monday","17:10","18:00",""
"MATH2 SVCDE - Tut (Suite 1)/07","MATH08063_SV1_SEM1","#SPLUSE996BA","Tutorial","Monday","10:30","11:30","5205"
"MATH2 SVCDE - Tut (Suite 1)/08","MATH08063_SV1_SEM1","#SPLUSE996B1","Tutorial","Monday","10:30","11:30","5326"
"MATH2 SVCDE - Tut (Suite 1)/09","MATH08063_SV1_SEM1","#SPLUSE996B5","Tutorial","Monday","10:30","11:30","5327"
"MATH2 SVCDE - Tut (Suite 1)/10","MATH08063_SV1_SEM1","#SPLUSE996B7","Tutorial","Monday","10:30","11:30","5328"
"MATH2 SVCDE - Tut (Suite 1)/11","MATH08063_SV1_SEM1","#SPLUSE996DF","Tutorial","Monday","15:30","16:30","5326"
"MATH2 SVCDE - Tut (Suite 1)/12","MATH08063_SV1_SEM1","#SPLUSE996E1","Tutorial","Monday","15:30","16:30","5327"
"MATH2 SVCDE - Tut (Suite 1)/13","MATH08063_SV1_SEM1","#SPLUSE996E3","Tutorial","Monday","15:30","16:30","5328"
"MATH2 SVCDE - Tut (Suite 1)/14","MATH08063_SV1_SEM1","#SPLUSE996E5","Tutorial","Monday","15:30","16:30","5205"
"MATH2 SVCDE - Tut (Suite 1)/15","MATH08063_SV1_SEM1","#SPLUSE996ED","Tutorial","Monday","17:10","18:00","5326"
"MATH2 SVCDE - Tut (Suite 1)/16","MATH08063_SV1_SEM1","#SPLUSE996EF","Tutorial","Monday","17:10","18:00","5327"
"MATH2 SVCDE - Tut (Suite 1)/17","MATH08063_SV1_SEM1","#SPLUSE996F1","Tutorial","Monday","17:10","18:00","5328"
"MATH2 SVCDE - Tut (Suite 1)/18","MATH08063_SV1_SEM1","#SPLUSE996F3","Tutorial","Monday","17:10","18:00","5205"
"MATH2 SVCDE - Tut (Suite 2)/19","MATH08063_SV1_SEM1","#SPLUSE996A5","Tutorial","Monday","9:00","9:50","3217 - Teaching Studio"
"MATH2 SVCDE - Tut (Suite 2)/20","MATH08063_SV1_SEM1","#SPLUSD98A01","Tutorial","Monday","9:00","9:50","3217 - Teaching Studio"
"MATH2 SVCDE - Tut (Suite 2)/21","MATH08063_SV1_SEM1","#SPLUSE996A7","Tutorial","Monday","9:00","9:50","1501"
"MATH2 SVCDE - Tut (Suite 2)/22","MATH08063_SV1_SEM1","#SPLUSE996CA","Tutorial","Monday","12:10","13:00","3217 - Teaching Studio"
"MATH2 SVCDE - Tut (Suite 2)/23","MATH08063_SV1_SEM1","#SPLUSE996C8","Tutorial","Monday","12:10","13:00","3217 - Teaching Studio"
"MATH2 SVCDE - Tut (Suite 2)/24","MATH08063_SV1_SEM1","#SPLUSD98A05","Tutorial","Monday","12:10","13:00","1501"
"MATH2 SVCDE - Tut (Suite 2)/25","MATH08063_SV1_SEM1","#SPLUSE996CC","Tutorial","Monday","14:10","15:00","3217 - Teaching Studio"
"MATH2 SVCDE - Tut (Suite 2)/26","MATH08063_SV1_SEM1","#SPLUSE996CE","Tutorial","Monday","14:10","15:00","1501"
"MATH2 SVCDE - Tut (Suite 2)/27","MATH08063_SV1_SEM1","#SPLUSD98A0A","Tutorial","Monday","14:10","15:00","3217 - Teaching Studio"
"MATH2 SVCDE - Tut (Suite 2)/28","MATH08063_SV1_SEM1","#SPLUSE996F6","Tutorial","Monday","17:10","18:00","3217 - Teaching Studio"
"MATH2 SVCDE - Tut (Suite 2)/29","MATH08063_SV1_SEM1","#SPLUSE996F8","Tutorial","Monday","17:10","18:00","1501"
"MATH2 SVCDE - Tut (Suite 2)/30","MATH08063_SV1_SEM1","#SPLUSD98A0E","Tutorial","Monday","17:10","18:00","3217 - Teaching Studio"
"MATH2 SVCDE - Tut (Suite 3)/31","MATH08063_SV1_SEM1","#SPLUSE996C0","Tutorial","Monday","10:30","11:30","6301"
"MATH2 SVCDE - Tut (Suite 3)/32","MATH08063_SV1_SEM1","#SPLUSE996C2","Tutorial","Monday","10:30","11:30","6201"
"MATH2 SVCDE - Tut (Suite 3)/33","MATH08063_SV1_SEM1","#SPLUSE996C4","Tutorial","Monday","10:30","11:30","6206"
"MATH2 SVCDE - Tut (Suite 3)/34","MATH08063_SV1_SEM1","#SPLUSE996D5","Tutorial","Monday","14:10","15:00","6301"
"MATH2 SVCDE - Tut (Suite 3)/35","MATH08063_SV1_SEM1","#SPLUSE996D7","Tutorial","Monday","14:10","15:00","6201"
"MATH2 SVCDE - Tut (Suite 3)/36","MATH08063_SV1_SEM1","#SPLUSE996D9","Tutorial","Monday","14:10","15:00","6206"
"MATH2 SVCDE - Tut (Suite 3)/37","MATH08063_SV1_SEM1","#SPLUSE996FF","Tutorial","Monday","17:10","18:00","6206"
"MATH2 SVCDE - Tut (Suite 3)/38","MATH08063_SV1_SEM1","#SPLUSE996FB","Tutorial","Monday","17:10","18:00","6301"
"MATH2 SVCDE - Tut (Suite 3)/39","MATH08063_SV1_SEM1","#SPLUSE996FD","Tutorial","Monday","17:10","18:00","6201"
"MATH2 Prob - Tut/01","MATH08066_SV1_SEM1","#SPLUS9BDD34","Tutorial - Online Live","Tuesday","9:00","9:50",""
"MATH2 Prob - Tut/02","MATH08066_SV1_SEM1","#SPLUS9BDD36","Tutorial - Online Live","Tuesday","10:30","11:30",""
"MATH2 Prob - Tut/03","MATH08066_SV1_SEM1","#SPLUS9BDD38","Tutorial - Online Live","Tuesday","12:10","13:00",""
"MATH2 Prob - Tut/04","MATH08066_SV1_SEM1","#SPLUS9BDD3A","Tutorial - Online Live","Tuesday","14:10","15:00",""
"MATH2 FoM - Tut (Online)/01","MATH08068_SV1_SEM1","#SPLUSE99784","Tutorial - Online Live","Monday","12:10","13:00",""
"MATH2 FoM - Tut (Online)/02","MATH08068_SV1_SEM1","#SPLUSE99786","Tutorial - Online Live","Monday","14:10","15:00",""
"MATH2 FoM - Tut (Online)/03","MATH08068_SV1_SEM1","#SPLUSE99788","Tutorial - Online Live","Monday","15:30","16:30",""
"MATH2 FoM - Tut (Suite 1)/04","MATH08068_SV1_SEM1","#SPLUSE99729","Tutorial","Monday","12:10","13:00","5326"
"MATH2 FoM - Tut (Suite 1)/05","MATH08068_SV1_SEM1","#SPLUSE9972B","Tutorial","Monday","12:10","13:00","5327"
"MATH2 FoM - Tut (Suite 1)/06","MATH08068_SV1_SEM1","#SPLUSE9972D","Tutorial","Monday","12:10","13:00","5328"
"MATH2 FoM - Tut (Suite 1)/07","MATH08068_SV1_SEM1","#SPLUSE9972F","Tutorial","Monday","12:10","13:00","5205"
"MATH2 FoM - Tut (Suite 1)/08","MATH08068_SV1_SEM1","#SPLUSE9975C","Tutorial","Monday","14:10","15:00","5326"
"MATH2 FoM - Tut (Suite 1)/09","MATH08068_SV1_SEM1","#SPLUSE9975E","Tutorial","Monday","14:10","15:00","5327"
"MATH2 FoM - Tut (Suite 1)/10","MATH08068_SV1_SEM1","#SPLUSE99760","Tutorial","Monday","14:10","15:00","5328"
"MATH2 FoM - Tut (Suite 1)/11","MATH08068_SV1_SEM1","#SPLUSE99762","Tutorial","Monday","14:10","15:00","5205"
"MATH2 FoM - Tut (Suite 2)/12","MATH08068_SV1_SEM1","#SPLUSE99771","Tutorial","Monday","15:30","16:30","3217 - Teaching Studio"
"MATH2 FoM - Tut (Suite 2)/13","MATH08068_SV1_SEM1","#SPLUSE99773","Tutorial","Monday","15:30","16:30","1501"
"MATH2 FoM - Tut (Suite 2)/14","MATH08068_SV1_SEM1","#SPLUSD98A15","Tutorial","Monday","15:30","16:30","3217 - Teaching Studio"
"MATH2 FoM - Tut (Suite 3)/15","MATH08068_SV1_SEM1","#SPLUSE99754","Tutorial","Monday","12:10","13:00","6301"
"MATH2 FoM - Tut (Suite 3)/16","MATH08068_SV1_SEM1","#SPLUSE99756","Tutorial","Monday","12:10","13:00","6201"
"MATH2 FoM - Tut (Suite 3)/17","MATH08068_SV1_SEM1","#SPLUSE99758","Tutorial","Monday","12:10","13:00","6206"
"MATH2 FoM - Tut (Suite 3)/18","MATH08068_SV1_SEM1","#SPLUSE99778","Tutorial","Monday","15:30","16:30","6301"
"MATH2 FoM - Tut (Suite 3)/19","MATH08068_SV1_SEM1","#SPLUSE9977A","Tutorial","Monday","15:30","16:30","6201"
"MATH2 FoM - Tut (Suite 3)/20","MATH08068_SV1_SEM1","#SPLUSE9977C","Tutorial","Monday","15:30","16:30","6206"
"MATH2 Acc Proofs Problem Solving - Lecture","MATH08071_SS1_SEM1","#SPLUS1BB651","Lecture - Online Live","Thursday","11:10","12:00",""
"MATH2 Acc Proofs Problem Solving - Lecture","MATH08071_SS1_SEM1","#SPLUS1BB64D","Lecture - Online Live","Friday","9:00","9:50",""
"MATH2 APPS - Tutorials/01","MATH08071_SS1_SEM1","#SPLUS9BDCFA","Tutorial - Online Live","Tuesday","9:00","9:50",""
"MATH2 APPS - Tutorials/02","MATH08071_SS1_SEM1","#SPLUS9BDCFC","Tutorial - Online Live","Tuesday","10:30","11:30",""
"MATH1 Engineering Mathematics 1a/Maths for Natural Sciences 1a - Q&A Session","MATH08072_SS1_SEM1","#SPLUS6B55CF","Tutorial - Online Live","Wednesday","11:10","12:00",""
"MATH1 MNS1a - Tutorial (online)/09","MATH08072_SS1_SEM1","#SPLUS1BB2B7","Tutorial - Online Live","Thursday","17:10","18:00",""
"MATH1 MNS1a - Tutorial (online)/10","MATH08072_SS1_SEM1","#SPLUS1BB2C3","Tutorial - Online Live","Friday","12:10","13:00",""
"MATH1 MNS1a - Tutorial/01","MATH08072_SS1_SEM1","#SPLUS1BB2AF","Tutorial","Thursday","14:10","15:00","Lecture Theatre 2"
"MATH1 MNS1a - Tutorial/02","MATH08072_SS1_SEM1","#SPLUS1BB2B1","Tutorial","Thursday","15:10","16:00","Lecture Theatre 2"
"MATH1 MNS1a - Tutorial/03","MATH08072_SS1_SEM1","#SPLUS1BB2B3","Tutorial","Thursday","16:10","17:00","Lecture Theatre 2"
"MATH1 MNS1a - Tutorial/04","MATH08072_SS1_SEM1","#SPLUS1BB2B5","Tutorial","Thursday","17:10","18:00","Lecture Theatre 2"
"MATH1 MNS1a - Tutorial/05","MATH08072_SS1_SEM1","#SPLUS1BB2BB","Tutorial","Friday","9:00","9:50","Lecture Theatre 2"
"MATH1 MNS1a - Tutorial/06","MATH08072_SS1_SEM1","#SPLUS1BB2BD","Tutorial","Friday","10:00","10:50","Lecture Theatre 2"
"MATH1 MNS1a - Tutorial/07","MATH08072_SS1_SEM1","#SPLUS1BB2BF","Tutorial","Friday","11:10","12:00","Lecture Theatre 2"
"MATH1 MNS1a - Tutorial/08","MATH08072_SS1_SEM1","#SPLUS1BB2C1","Tutorial","Friday","12:10","13:00","Lecture Theatre 2"
"MATH1 EM1a - Tutorial(onilne)/12","MATH08074_SS1_SEM1","#SPLUS1BB291","Workshop - Online Live","Thursday","12:10","13:00",""
"MATH1 EM1a - Tutorial(online)/05","MATH08074_SS1_SEM1","#SPLUS1BB28F","Workshop - Online Live","Thursday","10:00","10:50",""
"MATH1 EM1a - Tutorial(online)/16","MATH08074_SS1_SEM1","#SPLUS1BB293","Workshop - Online Live","Thursday","15:10","16:00",""
"MATH1 EM1a - Tutorial(online)/21","MATH08074_SS1_SEM1","#SPLUS9BDBE0","Workshop - Online Live","Friday","12:10","13:00",""
"MATH1 EM1a - Tutorial(online)/22","MATH08074_SS1_SEM1","#SPLUS1BB295","Workshop - Online Live","Thursday","17:10","18:00",""
"MATH1 EM1a - Tutorial(online)/27","MATH08074_SS1_SEM1","#SPLUS9BDBE2","Workshop - Online Live","Friday","10:00","10:50",""
"MATH1 EM1a - Tutorial/01","MATH08074_SS1_SEM1","#SPLUS1BB277","Tutorial","Thursday","9:00","9:50","Lecture Theatre 2"
"MATH1 EM1a - Tutorial/02","MATH08074_SS1_SEM1","#SPLUS1BB267","Tutorial","Thursday","9:00","9:50","M2 - Teaching Studio"
"MATH1 EM1a - Tutorial/03","MATH08074_SS1_SEM1","#SPLUS1BB27F","Tutorial","Thursday","9:00","9:50","2.03"
"MATH1 EM1a - Tutorial/04","MATH08074_SS1_SEM1","#SPLUS1BB281","Tutorial","Thursday","10:00","10:50","2.03"
"MATH1 EM1a - Tutorial/06","MATH08074_SS1_SEM1","#SPLUS1BB279","Tutorial","Thursday","10:00","10:50","Lecture Theatre 2"
"MATH1 EM1a - Tutorial/07","MATH08074_SS1_SEM1","#SPLUS1BB27B","Tutorial","Thursday","11:10","12:00","Lecture Theatre 2"
"MATH1 EM1a - Tutorial/08","MATH08074_SS1_SEM1","#SPLUS1BB283","Tutorial","Thursday","11:10","12:00","2.03"
"MATH1 EM1a - Tutorial/09","MATH08074_SS1_SEM1","#SPLUS1BB26B","Tutorial","Thursday","11:10","12:00","M2 - Teaching Studio"
"MATH1 EM1a - Tutorial/10","MATH08074_SS1_SEM1","#SPLUS1BB27D","Tutorial","Thursday","12:10","13:00","Lecture Theatre 2"
"MATH1 EM1a - Tutorial/11","MATH08074_SS1_SEM1","#SPLUS1BB26D","Tutorial","Thursday","12:10","13:00","M2 - Teaching Studio"
"MATH1 EM1a - Tutorial/13","MATH08074_SS1_SEM1","#SPLUS1BB285","Tutorial","Thursday","12:10","13:00","2.03"
"MATH1 EM1a - Tutorial/14","MATH08074_SS1_SEM1","#SPLUS1BB26F","Tutorial","Thursday","14:10","15:00","M2 - Teaching Studio"
"MATH1 EM1a - Tutorial/15","MATH08074_SS1_SEM1","#SPLUS1BB287","Tutorial","Thursday","14:10","15:00","2.03"
"MATH1 EM1a - Tutorial/17","MATH08074_SS1_SEM1","#SPLUS1BB271","Tutorial","Thursday","15:10","16:00","M2 - Teaching Studio"
"MATH1 EM1a - Tutorial/18","MATH08074_SS1_SEM1","#SPLUS1BB289","Tutorial","Thursday","15:10","16:00","2.03"
"MATH1 EM1a - Tutorial/19","MATH08074_SS1_SEM1","#SPLUS1BB28B","Tutorial","Thursday","16:10","17:00","2.03"
"MATH1 EM1a - Tutorial/20","MATH08074_SS1_SEM1","#SPLUS1BB273","Tutorial","Thursday","16:10","17:00","M2 - Teaching Studio"
"MATH1 EM1a - Tutorial/23","MATH08074_SS1_SEM1","#SPLUS1BB275","Tutorial","Thursday","17:10","18:00","M2 - Teaching Studio"
"MATH1 EM1a - Tutorial/24","MATH08074_SS1_SEM1","#SPLUS1BB28D","Tutorial","Thursday","17:10","18:00","2.03"
"MATH1 EM1a - Tutorial/25","MATH08074_SS1_SEM1","#SPLUS1BB2A1","Tutorial","Friday","9:00","9:50","2.03"
"MATH1 EM1a - Tutorial/26","MATH08074_SS1_SEM1","#SPLUS1BB2A3","Tutorial","Friday","10:00","10:50","2.03"
"MATH1 EM1a - Tutorial/28","MATH08074_SS1_SEM1","#SPLUS1BB26A","Tutorial","Thursday","10:00","10:50","M2 - Teaching Studio"
"MATH1 EM1a - Tutorial/29","MATH08074_SS1_SEM1","#SPLUS1BB29B","Tutorial","Friday","10:00","10:50","M2 - Teaching Studio"
"MATH1 EM1a - Tutorial/30","MATH08074_SS1_SEM1","#SPLUS1BB2A5","Tutorial","Friday","11:10","12:00","2.03"
"MATH1 EM1a - Tutorial/31","MATH08074_SS1_SEM1","#SPLUS1BB29D","Tutorial","Friday","11:10","12:00","M2 - Teaching Studio"
"MATH1 EM1a - Tutorial/32","MATH08074_SS1_SEM1","#SPLUS1BB29F","Tutorial","Friday","12:10","13:00","M2 - Teaching Studio"
"MATH1 EM1a - Tutorial/33","MATH08074_SS1_SEM1","#SPLUS1BB2A7","Tutorial","Friday","12:10","13:00","2.03"
"MATH1 EM1a - Tutorial/34","MATH08074_SS1_SEM1","#SPLUS1BB299","Tutorial","Friday","9:00","9:50","M2 - Teaching Studio"
"MATH1 IDS - Tutorial/01","MATH08077_SS1_SEM1","#SPLUS1BB705","Tutorial - Online Live","Friday","10:00","10:50",""
"MATH1 IDS - Tutorial/02","MATH08077_SS1_SEM1","#SPLUS1BB707","Tutorial - Online Live","Friday","11:10","12:00",""
"MATH1 IDS - Tutorial/03","MATH08077_SS1_SEM1","#SPLUS1BB709","Tutorial - Online Live","Friday","12:10","13:00",""
"MATH1 Introduction to Data Science - Q&A session","MATH08077_SS1_SEM1","#SPLUS1BB6BE","Activity - Online Live","Thursday","11:10","12:00",""
"MATH3 Stochastic Modelling - Office hours","MATH10007_SV1_SEM1","#SPLUS1BB6B6","Activity - Online Live","Friday","14:10","15:00",""
"MATH3 Stochastic Modelling - Tut (Online)/15","MATH10007_SV1_SEM1","#SPLUSD98A60","Tutorial - Online Live","Tuesday","9:00","9:50",""
"MATH3 Stochastic Modelling - Tut (Online)/16","MATH10007_SV1_SEM1","#SPLUSD98A62","Tutorial - Online Live","Tuesday","14:10","15:00",""
"MATH3 Stochastic Modelling - Tut (Suite 1)/01","MATH10007_SV1_SEM1","#SPLUSD98A32","Tutorial","Tuesday","9:00","9:50","5326"
"MATH3 Stochastic Modelling - Tut (Suite 1)/02","MATH10007_SV1_SEM1","#SPLUSD98A34","Tutorial","Tuesday","9:00","9:50","5327"
"MATH3 Stochastic Modelling - Tut (Suite 1)/03","MATH10007_SV1_SEM1","#SPLUSD98A36","Tutorial","Tuesday","9:00","9:50","5328"
"MATH3 Stochastic Modelling - Tut (Suite 1)/04","MATH10007_SV1_SEM1","#SPLUSD98A38","Tutorial","Tuesday","9:00","9:50","5205"
"MATH3 Stochastic Modelling - Tut (Suite 1)/08","MATH10007_SV1_SEM1","#SPLUSD98A40","Tutorial","Tuesday","14:10","15:00","5326"
"MATH3 Stochastic Modelling - Tut (Suite 1)/09","MATH10007_SV1_SEM1","#SPLUSD98A42","Tutorial","Tuesday","14:10","15:00","5327"
"MATH3 Stochastic Modelling - Tut (Suite 1)/10","MATH10007_SV1_SEM1","#SPLUSD98A44","Tutorial","Tuesday","14:10","15:00","5328"
"MATH3 Stochastic Modelling - Tut (Suite 1)/11","MATH10007_SV1_SEM1","#SPLUSD98A46","Tutorial","Tuesday","14:10","15:00","5205"
"MATH3 Stochastic Modelling - Tut (Suite 3)/05","MATH10007_SV1_SEM1","#SPLUSD98A3A","Tutorial","Tuesday","9:00","9:50","6301"
"MATH3 Stochastic Modelling - Tut (Suite 3)/06","MATH10007_SV1_SEM1","#SPLUSD98A3C","Tutorial","Tuesday","9:00","9:50","6201"
"MATH3 Stochastic Modelling - Tut (Suite 3)/07","MATH10007_SV1_SEM1","#SPLUSD98A3E","Tutorial","Tuesday","9:00","9:50","6206"
"MATH3 Stochastic Modelling - Tut (Suite 3)/12","MATH10007_SV1_SEM1","#SPLUSD98A52","Tutorial","Tuesday","14:10","15:00","6301"
"MATH3 Stochastic Modelling - Tut (Suite 3)/13","MATH10007_SV1_SEM1","#SPLUSD98A54","Tutorial","Tuesday","14:10","15:00","6201"
"MATH3 Stochastic Modelling - Tut (Suite 3)/14","MATH10007_SV1_SEM1","#SPLUSD98A56","Tutorial","Tuesday","14:10","15:00","6206"
"MATH4/5 Mathematical Education - Tut/01","MATH10010_SV1_YR","#SPLUS648769","Tutorial - Online Live","Wednesday","14:10","15:00",""
"MATH4/5 Mathematical Education - Tut/02","MATH10010_SV1_YR","#SPLUS648767","Tutorial - Online Live","Wednesday","15:30","16:30",""
"MATH4/5 Mathematical Education - Tut/03","MATH10010_SV1_YR","#SPLUS9BDEB7","Tutorial - Online Live","Thursday","9:00","9:50",""
"MATH4/5 Mathematical Education - Tut/04","MATH10010_SV1_YR","#SPLUS9BDEB5","Tutorial - Online Live","Thursday","14:10","15:00",""
"MATH4/5 Mathematical Biology - Tut (Online)/07","MATH10013_SV1_SEM1","#SPLUSB46910","Tutorial - Online Live","Friday","12:10","13:00",""
"MATH4/5 Mathematical Biology - Tut (Online)/08","MATH10013_SV1_SEM1","#SPLUSB46912","Tutorial - Online Live","Friday","15:30","16:30",""
"MATH4/5 Mathematical Biology - Tut (Suite 3)/01","MATH10013_SV1_SEM1","#SPLUSB46904","Tutorial","Friday","12:10","13:00","6301"
"MATH4/5 Mathematical Biology - Tut (Suite 3)/02","MATH10013_SV1_SEM1","#SPLUSB46906","Tutorial","Friday","12:10","13:00","6201"
"MATH4/5 Mathematical Biology - Tut (Suite 3)/03","MATH10013_SV1_SEM1","#SPLUSB46908","Tutorial","Friday","12:10","13:00","6206"
"MATH4/5 Mathematical Biology - Tut (Suite 3)/04","MATH10013_SV1_SEM1","#SPLUSB4690A","Tutorial","Friday","15:30","16:30","6301"
"MATH4/5 Mathematical Biology - Tut (Suite 3)/06","MATH10013_SV1_SEM1","#SPLUSB4690E","Tutorial","Friday","15:30","16:30","6206"
"MATH4/5 Prob, Meas & Finance - Tut (Online)/07","MATH10024_SV1_YR","#SPLUSB468D0","Tutorial - Online Live","Friday","10:30","11:30",""
"MATH4/5 Prob, Meas & Finance - Tut (Online)/08","MATH10024_SV1_YR","#SPLUSB468D2","Tutorial - Online Live","Friday","15:30","16:30",""
"MATH4/5 Prob, Meas & Finance - Tut (Suite 2)/04","MATH10024_SV1_YR","#SPLUSB46893","Tutorial","Friday","15:30","16:30","3217 - Teaching Studio"
"MATH4/5 Prob, Meas & Finance - Tut (Suite 2)/05","MATH10024_SV1_YR","#SPLUSB46895","Tutorial","Friday","15:30","16:30","3217 - Teaching Studio"
"MATH4/5 Prob, Meas & Finance - Tut (Suite 2)/06","MATH10024_SV1_YR","#SPLUSB46897","Tutorial","Friday","15:30","16:30","1501"
"MATH4/5 Prob, Meas & Finance - Tut (Suite 3)/01","MATH10024_SV1_YR","#SPLUSB4688D","Tutorial","Friday","10:30","11:30","6301"
"MATH4/5 Prob, Meas & Finance - Tut (Suite 3)/02","MATH10024_SV1_YR","#SPLUSB4688F","Tutorial","Friday","10:30","11:30","6201"
"MATH4/5 Prob, Meas & Finance - Tut (Suite 3)/03","MATH10024_SV1_YR","#SPLUSB46891","Tutorial","Friday","10:30","11:30","6206"
"MATH4/5 Essentials Analysis & Prob - Lecture","MATH10047_SV1_SEM1","#SPLUS1BB679","Lecture - Online Live","Tuesday","10:00","12:00",""
"MATH4/5 Essentials Analysis & Prob - Tut (Online)/07","MATH10047_SV1_SEM1","#SPLUSB4684C","Tutorial - Online Live","Friday","10:30","11:30",""
"MATH4/5 Essentials Analysis & Prob - Tut (Online)/08","MATH10047_SV1_SEM1","#SPLUSB4684E","Tutorial - Online Live","Friday","15:30","16:30",""
"MATH4/5 Essentials Analysis & Prob - Tut (Suite 3)/01","MATH10047_SV1_SEM1","#SPLUSB4683F","Tutorial","Friday","10:30","11:30","6301"
"MATH4/5 Essentials Analysis & Prob - Tut (Suite 3)/02","MATH10047_SV1_SEM1","#SPLUSB46841","Tutorial","Friday","10:30","11:30","6201"
"MATH4/5 Essentials Analysis & Prob - Tut (Suite 3)/03","MATH10047_SV1_SEM1","#SPLUSB46843","Tutorial","Friday","10:30","11:30","6206"
"MATH4/5 Applied Stochastic Differential Equation -  Office hours","MATH10053_SV1_SEM1","#SPLUS1BB68E","Activity - Online Live","Wednesday","13:10","14:00",""
"MATH4/5 Applied Stochastic Differential Equation - Tut (Online)/11","MATH10053_SV1_SEM1","#SPLUSF27FDA","Tutorial - Online Live","Friday","9:00","9:50",""
"MATH4/5 Applied Stochastic Differential Equation - Tut (Online)/12","MATH10053_SV1_SEM1","#SPLUSF27FDC","Tutorial - Online Live","Friday","10:30","11:30",""
"MATH4/5 Applied Stochastic Differential Equation - Tut (Online)/13","MATH10053_SV1_SEM1","#SPLUSF27FDE","Tutorial - Online Live","Friday","15:30","16:30",""
"MATH4/5 Applied Stochastic Differential Equation - Tut (Suite 1)/01","MATH10053_SV1_SEM1","#SPLUSF27FC5","Tutorial","Friday","9:00","9:50","5326"
"MATH4/5 Applied Stochastic Differential Equation - Tut (Suite 1)/02","MATH10053_SV1_SEM1","#SPLUSF27FC7","Tutorial","Friday","9:00","9:50","5327"
"MATH4/5 Applied Stochastic Differential Equation - Tut (Suite 1)/03","MATH10053_SV1_SEM1","#SPLUSF27FC9","Tutorial","Friday","9:00","9:50","5328"
"MATH4/5 Applied Stochastic Differential Equation - Tut (Suite 1)/04","MATH10053_SV1_SEM1","#SPLUSF27FCB","Tutorial","Friday","9:00","9:50","5205"
"MATH4/5 Applied Stochastic Differential Equation - Tut (Suite 2)/05","MATH10053_SV1_SEM1","#SPLUSF27FCD","Tutorial","Friday","10:30","11:30","3217 - Teaching Studio"
"MATH4/5 Applied Stochastic Differential Equation - Tut (Suite 2)/06","MATH10053_SV1_SEM1","#SPLUSF27FCF","Tutorial","Friday","10:30","11:30","3217 - Teaching Studio"
"MATH4/5 Applied Stochastic Differential Equation - Tut (Suite 2)/07","MATH10053_SV1_SEM1","#SPLUSF27FD1","Tutorial","Friday","10:30","11:30","1501"
"MATH4/5 Applied Stochastic Differential Equation - Tut (Suite 3)/08","MATH10053_SV1_SEM1","#SPLUSF27FD4","Tutorial","Friday","15:30","16:30","6301"
"MATH4/5 Applied Stochastic Differential Equation - Tut (Suite 3)/09","MATH10053_SV1_SEM1","#SPLUSF27FD6","Tutorial","Friday","15:30","16:30","6201"
"MATH4/5 Applied Stochastic Differential Equation - Tut (Suite 3)/10","MATH10053_SV1_SEM1","#SPLUSF27FD8","Tutorial","Friday","15:30","16:30","6206"
"MATH4/5 Applied Stochastic Differential Equations - Lab/01","MATH10053_SV1_SEM1","#SPLUS9BDD71","Computer Workshop - Online Live","Tuesday","10:30","11:30",""
"MATH4/5 Applied Stochastic Differential Equations - Lab/02","MATH10053_SV1_SEM1","#SPLUS9BDD73","Computer Workshop - Online Live","Tuesday","17:10","18:00",""
"MATH4/5 Applied Stochastic Differential Equations - Lab/03","MATH10053_SV1_SEM1","#SPLUS9BDD75","Computer Workshop - Online Live","Tuesday","17:10","18:00",""
"MATH4/5 Fundamentals of Op Research -  Office Hour","MATH10065_SV1_SEM1","#SPLUS2702DB","Tutorial","Tuesday","13:10","14:00",""
"MATH4/5 Fundamentals of Op Research -  Tut (Online)/26","MATH10065_SV1_SEM1","#SPLUSF27E69","Tutorial - Online Live","Thursday","9:00","9:50",""
"MATH4/5 Fundamentals of Op Research -  Tut (Online)/27","MATH10065_SV1_SEM1","#SPLUSF27E6B","Tutorial - Online Live","Thursday","10:30","11:30",""
"MATH4/5 Fundamentals of Op Research -  Tut (Online)/28","MATH10065_SV1_SEM1","#SPLUSF27E6D","Tutorial - Online Live","Thursday","15:30","16:30",""
"MATH4/5 Fundamentals of Op Research -  Tut (Online)/29","MATH10065_SV1_SEM1","#SPLUSF27E6F","Tutorial - Online Live","Friday","10:30","11:30",""
"MATH4/5 Fundamentals of Op Research -  Tut (Online)/30","MATH10065_SV1_SEM1","#SPLUSF27E71","Tutorial - Online Live","Friday","14:10","15:00",""
"MATH4/5 Fundamentals of Op Research -  Tut (Online)/31","MATH10065_SV1_SEM1","#SPLUS9BDE40","Tutorial - Online Live","Friday","14:10","15:00",""
"MATH4/5 Fundamentals of Op Research -  Tut (Online)/32","MATH10065_SV1_SEM1","#SPLUS24FCC7","Tutorial","Thursday","14:10","15:00",""
"MATH4/5 Fundamentals of Op Research -  Tut (Suite 1)/01","MATH10065_SV1_SEM1","#SPLUSF27E2A","Tutorial","Thursday","9:00","9:50","5326"
"MATH4/5 Fundamentals of Op Research -  Tut (Suite 1)/02","MATH10065_SV1_SEM1","#SPLUSF27E2C","Tutorial","Thursday","9:00","9:50","5327"
"MATH4/5 Fundamentals of Op Research -  Tut (Suite 1)/03","MATH10065_SV1_SEM1","#SPLUSF27E2E","Tutorial","Thursday","9:00","9:50","5328"
"MATH4/5 Fundamentals of Op Research -  Tut (Suite 1)/04","MATH10065_SV1_SEM1","#SPLUSF27E30","Tutorial","Thursday","9:00","9:50","5205"
"MATH4/5 Fundamentals of Op Research -  Tut (Suite 1)/08","MATH10065_SV1_SEM1","#SPLUSF27E3A","Tutorial","Thursday","14:10","15:00","5326"
"MATH4/5 Fundamentals of Op Research -  Tut (Suite 1)/09","MATH10065_SV1_SEM1","#SPLUSF27E3C","Tutorial","Thursday","14:10","15:00","5327"
"MATH4/5 Fundamentals of Op Research -  Tut (Suite 1)/10","MATH10065_SV1_SEM1","#SPLUSF27E3E","Tutorial","Thursday","14:10","15:00","5328"
"MATH4/5 Fundamentals of Op Research -  Tut (Suite 1)/11","MATH10065_SV1_SEM1","#SPLUSF27E40","Tutorial","Thursday","14:10","15:00","5205"
"MATH4/5 Fundamentals of Op Research -  Tut (Suite 1)/18","MATH10065_SV1_SEM1","#SPLUSF27E4F","Tutorial","Friday","10:30","11:30","5326"
"MATH4/5 Fundamentals of Op Research -  Tut (Suite 1)/19","MATH10065_SV1_SEM1","#SPLUSF27E51","Tutorial","Friday","10:30","11:30","5327"
"MATH4/5 Fundamentals of Op Research -  Tut (Suite 1)/20","MATH10065_SV1_SEM1","#SPLUSF27E53","Tutorial","Friday","10:30","11:30","5328"
"MATH4/5 Fundamentals of Op Research -  Tut (Suite 1)/21","MATH10065_SV1_SEM1","#SPLUSF27E55","Tutorial","Friday","10:30","11:30","5205"
"MATH4/5 Fundamentals of Op Research -  Tut (Suite 1)/22","MATH10065_SV1_SEM1","#SPLUSF27E59","Tutorial","Friday","14:10","15:00","5326"
"MATH4/5 Fundamentals of Op Research -  Tut (Suite 1)/23","MATH10065_SV1_SEM1","#SPLUSF27E5B","Tutorial","Friday","14:10","15:00","5327"
"MATH4/5 Fundamentals of Op Research -  Tut (Suite 1)/24","MATH10065_SV1_SEM1","#SPLUSF27E5D","Tutorial","Friday","14:10","15:00","5328"
"MATH4/5 Fundamentals of Op Research -  Tut (Suite 1)/25","MATH10065_SV1_SEM1","#SPLUSF27E5F","Tutorial","Friday","14:10","15:00","5205"
"MATH4/5 Fundamentals of Op Research -  Tut (Suite 2)/05","MATH10065_SV1_SEM1","#SPLUSF27E32","Tutorial","Thursday","10:30","11:30","3217 - Teaching Studio"
"MATH4/5 Fundamentals of Op Research -  Tut (Suite 2)/06","MATH10065_SV1_SEM1","#SPLUSF27E34","Tutorial","Thursday","10:30","11:30","3217 - Teaching Studio"
"MATH4/5 Fundamentals of Op Research -  Tut (Suite 2)/07","MATH10065_SV1_SEM1","#SPLUSF27E36","Tutorial","Thursday","10:30","11:30","1501"
"MATH4/5 Fundamentals of Op Research -  Tut (Suite 2)/12","MATH10065_SV1_SEM1","#SPLUSF27E42","Tutorial","Thursday","15:30","16:30","3217 - Teaching Studio"
"MATH4/5 Fundamentals of Op Research -  Tut (Suite 2)/13","MATH10065_SV1_SEM1","#SPLUSF27E44","Tutorial","Thursday","15:30","16:30","3217 - Teaching Studio"
"MATH4/5 Fundamentals of Op Research -  Tut (Suite 2)/14","MATH10065_SV1_SEM1","#SPLUSF27E46","Tutorial","Thursday","15:30","16:30","1501"
"MATH4/5 Fundamentals of Op Research -  Tut (Suite 3)/15","MATH10065_SV1_SEM1","#SPLUSF27E48","Tutorial","Thursday","15:30","16:30","6301"
"MATH4/5 Fundamentals of Op Research -  Tut (Suite 3)/16","MATH10065_SV1_SEM1","#SPLUSF27E4A","Tutorial","Thursday","15:30","16:30","6201"
"MATH4/5 Fundamentals of Op Research -  Tut (Suite 3)/17","MATH10065_SV1_SEM1","#SPLUSF27E4C","Tutorial","Thursday","15:30","16:30","6206"
"MATH3 Hons Differential Eq - Look Ahead","MATH10066_SV1_SEM1","#SPLUSD1929F","Lecture - Online Live","Monday","13:10","13:30",""
"MATH3 Hons Differential Eq - Office hours","MATH10066_SV1_SEM1","#SPLUS1BB6AE","Activity - Online Live","Thursday","15:10","16:00",""
"MATH3 Hons Differential Eq - skills/01","MATH10066_SV1_SEM1","#SPLUSD98B4C","Workshop","Monday","9:00","10:50",""
"MATH3 Hons Differential Eq - skills/02","MATH10066_SV1_SEM1","#SPLUSD98B4E","Workshop","Monday","11:10","13:00",""
"MATH3 Hons Differential Eq - skills/03","MATH10066_SV1_SEM1","#SPLUSD98B50","Workshop","Monday","14:10","16:00",""
"MATH3 Hons Differential Eq - skills/04","MATH10066_SV1_SEM1","#SPLUSD98B52","Workshop","Monday","16:10","18:00",""
"MATH3 Hons Differential Eq - Tut (Online)/19","MATH10066_SV1_SEM1","#SPLUSE99808","Tutorial - Online Live","Tuesday","10:30","11:30",""
"MATH3 Hons Differential Eq - Tut (Online)/20","MATH10066_SV1_SEM1","#SPLUSE9980A","Tutorial - Online Live","Tuesday","12:10","13:00",""
"MATH3 Hons Differential Eq - Tut (Online)/21","MATH10066_SV1_SEM1","#SPLUSE9980C","Tutorial - Online Live","Tuesday","15:30","16:30",""
"MATH3 Hons Differential Eq - Tut (Online)/22","MATH10066_SV1_SEM1","#SPLUSE9980E","Tutorial - Online Live","Tuesday","17:10","18:00",""
"MATH3 Hons Differential Eq - Tut (Suite 1)/06","MATH10066_SV1_SEM1","#SPLUSE997EE","Tutorial","Tuesday","12:10","13:00","5326"
"MATH3 Hons Differential Eq - Tut (Suite 1)/07","MATH10066_SV1_SEM1","#SPLUSE997F0","Tutorial","Tuesday","12:10","13:00","5327"
"MATH3 Hons Differential Eq - Tut (Suite 1)/08","MATH10066_SV1_SEM1","#SPLUSE997F2","Tutorial","Tuesday","12:10","13:00","5328"
"MATH3 Hons Differential Eq - Tut (Suite 1)/09","MATH10066_SV1_SEM1","#SPLUSE997F4","Tutorial","Tuesday","12:10","13:00","5205"
"MATH3 Hons Differential Eq - Tut (Suite 1)/15","MATH10066_SV1_SEM1","#SPLUSE99800","Tutorial","Tuesday","17:10","18:00","5326"
"MATH3 Hons Differential Eq - Tut (Suite 1)/16","MATH10066_SV1_SEM1","#SPLUSE99802","Tutorial","Tuesday","17:10","18:00","5327"
"MATH3 Hons Differential Eq - Tut (Suite 1)/17","MATH10066_SV1_SEM1","#SPLUSE99804","Tutorial","Tuesday","17:10","18:00","5328"
"MATH3 Hons Differential Eq - Tut (Suite 1)/18","MATH10066_SV1_SEM1","#SPLUSE99806","Tutorial","Tuesday","17:10","18:00","5205"
"MATH3 Hons Differential Eq - Tut (Suite 2)/01","MATH10066_SV1_SEM1","#SPLUSD98A1F","Tutorial","Tuesday","10:30","11:30","3217 - Teaching Studio"
"MATH3 Hons Differential Eq - Tut (Suite 2)/02","MATH10066_SV1_SEM1","#SPLUSE997E6","Tutorial","Tuesday","10:30","11:30","1501"
"MATH3 Hons Differential Eq - Tut (Suite 2)/10","MATH10066_SV1_SEM1","#SPLUSE997F6","Tutorial","Tuesday","15:30","16:30","3217 - Teaching Studio"
"MATH3 Hons Differential Eq - Tut (Suite 2)/11","MATH10066_SV1_SEM1","#SPLUSE997F8","Tutorial","Tuesday","15:30","16:30","1501"
"MATH3 Hons Differential Eq - Tut (Suite 2)/23","MATH10066_SV1_SEM1","#SPLUSE997E4","Tutorial","Tuesday","10:30","11:30","3217 - Teaching Studio"
"MATH3 Hons Differential Eq - Tut (Suite 2)/24","MATH10066_SV1_SEM1","#SPLUSD98A23","Tutorial","Tuesday","15:30","16:30","3217 - Teaching Studio"
"MATH3 Hons Differential Eq - Tut (Suite 3)/03","MATH10066_SV1_SEM1","#SPLUSE997E8","Tutorial","Tuesday","10:30","11:30","6301"
"MATH3 Hons Differential Eq - Tut (Suite 3)/04","MATH10066_SV1_SEM1","#SPLUSE997EA","Tutorial","Tuesday","10:30","11:30","6201"
"MATH3 Hons Differential Eq - Tut (Suite 3)/05","MATH10066_SV1_SEM1","#SPLUSE997EC","Tutorial","Tuesday","10:30","11:30","6206"
"MATH3 Hons Differential Eq - Tut (Suite 3)/12","MATH10066_SV1_SEM1","#SPLUSE997FA","Tutorial","Tuesday","15:30","16:30","6301"
"MATH3 Hons Differential Eq - Tut (Suite 3)/13","MATH10066_SV1_SEM1","#SPLUSE997FC","Tutorial","Tuesday","15:30","16:30","6201"
"MATH3 Hons Differential Eq - Tut (Suite 3)/14","MATH10066_SV1_SEM1","#SPLUSE997FE","Tutorial","Tuesday","15:30","16:30","6206"
"MATH3 Hons Algebra - Office hours","MATH10069_SV1_SEM1","#SPLUS1BB6B2","Activity - Online Live","Friday","11:10","12:00",""
"MATH3 Hons Algebra - Skills/01","MATH10069_SV1_SEM1","#SPLUSD98B36","Computer Workshop - Online Live","Monday","9:00","10:50",""
"MATH3 Hons Algebra - Skills/02","MATH10069_SV1_SEM1","#SPLUSD98B38","Computer Workshop - Online Live","Monday","11:10","13:00",""
"MATH3 Hons Algebra - Skills/03","MATH10069_SV1_SEM1","#SPLUSD98B3A","Computer Workshop - Online Live","Monday","14:10","16:00",""
"MATH3 Hons Algebra - Skills/04","MATH10069_SV1_SEM1","#SPLUSD98B3C","Computer Workshop - Online Live","Monday","16:10","18:00",""
"MATH3 Hons Algebra - Tut (Online)/13","MATH10069_SV1_SEM1","#SPLUSE997DC","Tutorial","Tuesday","10:30","11:30",""
"MATH3 Hons Algebra - Tut (Online)/14","MATH10069_SV1_SEM1","#SPLUSE997DE","Tutorial","Tuesday","12:10","13:00",""
"MATH3 Hons Algebra - Tut (Online)/15","MATH10069_SV1_SEM1","#SPLUSE997E0","Tutorial","Tuesday","15:30","16:30",""
"MATH3 Hons Algebra - Tut (Online)/16","MATH10069_SV1_SEM1","#SPLUSE997E2","Tutorial","Tuesday","17:10","18:00",""
"MATH3 Hons Algebra - Tut (Suite 1)/01","MATH10069_SV1_SEM1","#SPLUSE997C4","Tutorial","Tuesday","10:30","11:30","5326"
"MATH3 Hons Algebra - Tut (Suite 1)/02","MATH10069_SV1_SEM1","#SPLUSE997C6","Tutorial","Tuesday","10:30","11:30","5327"
"MATH3 Hons Algebra - Tut (Suite 1)/03","MATH10069_SV1_SEM1","#SPLUSE997C8","Tutorial","Tuesday","10:30","11:30","5328"
"MATH3 Hons Algebra - Tut (Suite 1)/04","MATH10069_SV1_SEM1","#SPLUSE997CA","Tutorial","Tuesday","10:30","11:30","5205"
"MATH3 Hons Algebra - Tut (Suite 1)/07","MATH10069_SV1_SEM1","#SPLUSE997D0","Tutorial","Tuesday","15:30","16:30","5326"
"MATH3 Hons Algebra - Tut (Suite 1)/08","MATH10069_SV1_SEM1","#SPLUSE997D2","Tutorial","Tuesday","15:30","16:30","5327"
"MATH3 Hons Algebra - Tut (Suite 1)/09","MATH10069_SV1_SEM1","#SPLUSE997D4","Tutorial","Tuesday","15:30","16:30","5328"
"MATH3 Hons Algebra - Tut (Suite 1)/10","MATH10069_SV1_SEM1","#SPLUSE997D6","Tutorial","Tuesday","15:30","16:30","5205"
"MATH3 Hons Algebra - Tut (Suite 2)/05","MATH10069_SV1_SEM1","#SPLUSE997CC","Tutorial","Tuesday","12:10","13:00","3217 - Teaching Studio"
"MATH3 Hons Algebra - Tut (Suite 2)/06","MATH10069_SV1_SEM1","#SPLUSE997CE","Tutorial","Tuesday","12:10","13:00","1501"
"MATH3 Hons Algebra - Tut (Suite 2)/11","MATH10069_SV1_SEM1","#SPLUSE997D8","Tutorial","Tuesday","17:10","18:00","3217 - Teaching Studio"
"MATH3 Hons Algebra - Tut (Suite 2)/12","MATH10069_SV1_SEM1","#SPLUSE997DA","Tutorial","Tuesday","17:10","18:00","1501"
"MATH3 Hons Algebra - Tut (Suite 2)/17","MATH10069_SV1_SEM1","#SPLUSD98A26","Tutorial","Tuesday","12:10","13:00","3217 - Teaching Studio"
"MATH3 Hons Algebra - Tut (Suite 2)/18","MATH10069_SV1_SEM1","#SPLUSD98A29","Tutorial","Tuesday","17:10","18:00","3217 - Teaching Studio"
"MATH3 Geometry - Tut (Online)/07","MATH10074_SV1_SEM1","#SPLUSD98BAB","Tutorial - Online Live","Tuesday","9:00","9:50",""
"MATH3 Geometry - Tut (Online)/08","MATH10074_SV1_SEM1","#SPLUSD98BAD","Tutorial - Online Live","Tuesday","14:10","15:00",""
"MATH3 Geometry - Tut (Suite 2)/01","MATH10074_SV1_SEM1","#SPLUSD98B70","Tutorial","Tuesday","9:00","9:50","3217 - Teaching Studio"
"MATH3 Geometry - Tut (Suite 2)/02","MATH10074_SV1_SEM1","#SPLUSD98B72","Tutorial","Tuesday","9:00","9:50","3217 - Teaching Studio"
"MATH3 Geometry - Tut (Suite 2)/03","MATH10074_SV1_SEM1","#SPLUSD98B74","Tutorial","Tuesday","9:00","9:50","1501"
"MATH3 Geometry - Tut (Suite 2)/04","MATH10074_SV1_SEM1","#SPLUSD98BA4","Tutorial","Tuesday","14:10","15:00","3217 - Teaching Studio"
"MATH3 Geometry - Tut (Suite 2)/05","MATH10074_SV1_SEM1","#SPLUSD98BA6","Tutorial","Tuesday","14:10","15:00","3217 - Teaching Studio"
"MATH3 Geometry - Tut (Suite 2)/06","MATH10074_SV1_SEM1","#SPLUSD98BA8","Tutorial","Tuesday","14:10","15:00","1501"
"MATH4/5 General Topology - Tut/01","MATH10076_SV1_SEM1","#SPLUS9BDE47","Tutorial - Online Live","Thursday","12:10","13:00",""
"MATH4/5 General Topology - Tut/02","MATH10076_SV1_SEM1","#SPLUS9BDE49","Tutorial - Online Live","Thursday","17:10","18:00",""
"MATH4/5 Group Theory - Tut/01","MATH10079_SV1_SEM1","#SPLUS9BDE7D","Workshop","Thursday","12:10","13:00",""
"MATH4/5 Group Theory - Tut/02","MATH10079_SV1_SEM1","#SPLUS9BDE7F","Workshop","Thursday","17:10","18:00",""
"MATH4/5 Group Theory lecture","MATH10079_SV1_SEM1","#SPLUSCF3492","Lecture","Wednesday","10:00","10:50",""
"MATH4/5 Group Theory lecture","MATH10079_SV1_SEM1","#SPLUSCF348B","Lecture - Online Live","Monday","10:00","10:50",""
"MATH4/5 Linear Analysis - Tut (Online)/07","MATH10082_SV1_SEM1","#SPLUSF27FEE","Tutorial - Online Live","Friday","9:00","9:50",""
"MATH4/5 Linear Analysis - Tut (Online)/08","MATH10082_SV1_SEM1","#SPLUSF27FF0","Tutorial - Online Live","Friday","14:10","15:00",""
"MATH4/5 Linear Analysis - Tut (Suite 2)/04","MATH10082_SV1_SEM1","#SPLUSF27FE6","Tutorial","Friday","14:10","15:00","3217 - Teaching Studio"
"MATH4/5 Linear Analysis - Tut (Suite 3)/01","MATH10082_SV1_SEM1","#SPLUSF27FE0","Tutorial","Friday","9:00","9:50","6301"
"MATH4/5 Linear Analysis - Tut (Suite 3)/02","MATH10082_SV1_SEM1","#SPLUSF27FE2","Tutorial","Friday","9:00","9:50","6201"
"MATH4/5 Linear Analysis - Tut (Suite 3)/03","MATH10082_SV1_SEM1","#SPLUSF27FE4","Tutorial","Friday","9:00","9:50","6206"
"MATH4 Adv Methods Applied Maths - Tut (Online)/08","MATH10086_SV1_SEM1","#SPLUSB468E3","Tutorial - Online Live","Friday","12:10","13:00",""
"MATH4 Adv Methods Applied Maths - Tut (Online)/09","MATH10086_SV1_SEM1","#SPLUSB468E5","Tutorial - Online Live","Friday","17:10","18:00",""
"MATH4 Adv Methods Applied Maths - Tut (Suite 1)/01","MATH10086_SV1_SEM1","#SPLUSB468D4","Tutorial","Friday","12:10","13:00","5326"
"MATH4 Adv Methods Applied Maths - Tut (Suite 1)/02","MATH10086_SV1_SEM1","#SPLUSB468D6","Tutorial","Friday","12:10","13:00","5327"
"MATH4 Adv Methods Applied Maths - Tut (Suite 1)/03","MATH10086_SV1_SEM1","#SPLUSB468D8","Tutorial","Friday","12:10","13:00","5328"
"MATH4 Adv Methods Applied Maths - Tut (Suite 1)/07","MATH10086_SV1_SEM1","#SPLUSB468E1","Tutorial","Friday","12:10","13:00","5205"
"MATH4 Adv Methods Applied Maths - Tut (Suite 2)/04","MATH10086_SV1_SEM1","#SPLUSB468DA","Tutorial","Friday","17:10","18:00","3217 - Teaching Studio"
"MATH4 Adv Methods Applied Maths - Tut (Suite 2)/05","MATH10086_SV1_SEM1","#SPLUSB468DC","Tutorial","Friday","17:10","18:00","3217 - Teaching Studio"
"MATH4 Adv Methods Applied Maths - Tut (Suite 2)/06","MATH10086_SV1_SEM1","#SPLUSB468DE","Tutorial","Friday","17:10","18:00","1501"
"MATH4/5 Differentiable Manifolds - Tut/01","MATH10088_SV1_SEM1","#SPLUS9BDE2F","Tutorial - Online Live","Thursday","10:30","11:30",""
"MATH4/5 Differentiable Manifolds - Tut/02","MATH10088_SV1_SEM1","#SPLUS9BDE31","Tutorial - Online Live","Thursday","15:30","16:30",""
"MATH4/5 Differentiable Manifolds- Lecture","MATH10088_SV1_SEM1","#SPLUS1BB66D","Lecture - Online Live","Tuesday","12:10","13:00",""
"MATH4/5 Differentiable Manifolds- Lecture","MATH10088_SV1_SEM1","#SPLUS1BB669","Lecture - Online Live","Monday","12:10","13:00",""
"MATH3 Stats Methodology - Office hours","MATH10095_SV1_SEM1","#SPLUSCF3476","Activity - Online Live","Friday","12:10","13:00",""
"MATH3 Stats Methodology - Tut (Online)/21","MATH10095_SV1_SEM1","#SPLUS9BDEFF","Tutorial - Online Live","Tuesday","9:00","9:50",""
"MATH3 Stats Methodology - Tut (Online)/22","MATH10095_SV1_SEM1","#SPLUS9BDF05","Tutorial - Online Live","Tuesday","14:10","15:00",""
"MATH3 Stats Methodology - Tut (Online)/23","MATH10095_SV1_SEM1","#SPLUS9BDF03","Tutorial - Online Live","Wednesday","10:30","11:30",""
"MATH3 Stats Methodology - Tut (Online)/24","MATH10095_SV1_SEM1","#SPLUS9BDF09","Tutorial - Online Live","Wednesday","14:10","15:00",""
"MATH3 Stats Methodology - Tut (Suite 1)/01","MATH10095_SV1_SEM1","#SPLUSD98A64","Tutorial","Tuesday","9:00","9:50","5326"
"MATH3 Stats Methodology - Tut (Suite 1)/02","MATH10095_SV1_SEM1","#SPLUSD98A66","Tutorial","Tuesday","9:00","9:50","5327"
"MATH3 Stats Methodology - Tut (Suite 1)/03","MATH10095_SV1_SEM1","#SPLUSD98A68","Tutorial","Tuesday","9:00","9:50","5328"
"MATH3 Stats Methodology - Tut (Suite 1)/04","MATH10095_SV1_SEM1","#SPLUSD98A6A","Tutorial","Tuesday","9:00","9:50","5205"
"MATH3 Stats Methodology - Tut (Suite 1)/14","MATH10095_SV1_SEM1","#SPLUSD98AA5","Tutorial","Wednesday","10:30","11:30","5326"
"MATH3 Stats Methodology - Tut (Suite 1)/15","MATH10095_SV1_SEM1","#SPLUSD98AA7","Tutorial","Wednesday","10:30","11:30","5327"
"MATH3 Stats Methodology - Tut (Suite 1)/16","MATH10095_SV1_SEM1","#SPLUSD98AA9","Tutorial","Wednesday","10:30","11:30","5328"
"MATH3 Stats Methodology - Tut (Suite 1)/17","MATH10095_SV1_SEM1","#SPLUSD98AAB","Tutorial","Wednesday","10:30","11:30","5205"
"MATH3 Stats Methodology - Tut (Suite 2)/08","MATH10095_SV1_SEM1","#SPLUSD98A7C","Tutorial","Tuesday","14:10","15:00","3217 - Teaching Studio"
"MATH3 Stats Methodology - Tut (Suite 2)/09","MATH10095_SV1_SEM1","#SPLUSD98A7E","Tutorial","Tuesday","14:10","15:00","3217 - Teaching Studio"
"MATH3 Stats Methodology - Tut (Suite 2)/10","MATH10095_SV1_SEM1","#SPLUSD98A80","Tutorial","Tuesday","14:10","15:00","1501"
"MATH3 Stats Methodology - Tut (Suite 2)/18","MATH10095_SV1_SEM1","#SPLUSD98AB3","Tutorial","Wednesday","14:10","15:00","3217 - Teaching Studio"
"MATH3 Stats Methodology - Tut (Suite 2)/19","MATH10095_SV1_SEM1","#SPLUSD98AB5","Tutorial","Wednesday","14:10","15:00","3217 - Teaching Studio"
"MATH3 Stats Methodology - Tut (Suite 2)/20","MATH10095_SV1_SEM1","#SPLUSD98AB7","Tutorial","Wednesday","14:10","15:00","1501"
"MATH3 Stats Methodology - Tut (Suite 3)/05","MATH10095_SV1_SEM1","#SPLUSD98A70","Tutorial","Tuesday","9:00","9:50","6301"
"MATH3 Stats Methodology - Tut (Suite 3)/06","MATH10095_SV1_SEM1","#SPLUSD98A72","Tutorial","Tuesday","9:00","9:50","6201"
"MATH3 Stats Methodology - Tut (Suite 3)/07","MATH10095_SV1_SEM1","#SPLUSD98A74","Tutorial","Tuesday","9:00","9:50","6206"
"MATH3 Stats Methodology - Tut (Suite 3)/11","MATH10095_SV1_SEM1","#SPLUSD98A93","Tutorial","Tuesday","14:10","15:00","6301"
"MATH3 Stats Methodology - Tut (Suite 3)/12","MATH10095_SV1_SEM1","#SPLUSD98A95","Tutorial","Tuesday","14:10","15:00","6201"
"MATH3 Stats Methodology - Tut (Suite 3)/13","MATH10095_SV1_SEM1","#SPLUSD98A97","Tutorial","Tuesday","14:10","15:00","6206"
"MATH3 Numerical Linear Algebra - computer lab/01","MATH10098_SV1_SEM1","#SPLUS9BDEC5","Computer Workshop - Online Live","Wednesday","12:10","14:00",""
"MATH3 Numerical Linear Algebra - computer lab/02","MATH10098_SV1_SEM1","#SPLUS9BDEC7","Computer Workshop - Online Live","Wednesday","14:10","16:00",""
"MATH3 Numerical Linear Algebra - Tut (Online)/10","MATH10098_SV1_SEM1","#SPLUSD98BFF","Tutorial - Online Live","Tuesday","9:00","9:50",""
"MATH3 Numerical Linear Algebra - Tut (Online)/11","MATH10098_SV1_SEM1","#SPLUSD98C01","Tutorial - Online Live","Tuesday","14:10","15:00",""
"MATH3 Numerical Linear Algebra - Tut (Online)/12","MATH10098_SV1_SEM1","#SPLUSD98BF4","Tutorial - Online Live","Thursday","9:00","9:50",""
"MATH3 Numerical Linear Algebra - Tut (Suite 1)/04","MATH10098_SV1_SEM1","#SPLUSD98BE8","Tutorial","Tuesday","14:10","15:00","5326"
"MATH3 Numerical Linear Algebra - Tut (Suite 1)/05","MATH10098_SV1_SEM1","#SPLUSD98BEA","Tutorial","Tuesday","14:10","15:00","5327"
"MATH3 Numerical Linear Algebra - Tut (Suite 1)/06","MATH10098_SV1_SEM1","#SPLUSD98BEC","Tutorial","Tuesday","14:10","15:00","5328"
"MATH3 Numerical Linear Algebra - Tut (Suite 1)/07","MATH10098_SV1_SEM1","#SPLUSD98BEE","Tutorial","Tuesday","14:10","15:00","5205"
"MATH3 Numerical Linear Algebra - Tut (Suite 2)/01","MATH10098_SV1_SEM1","#SPLUSD98BDF","Tutorial","Tuesday","9:00","9:50","3217 - Teaching Studio"
"MATH3 Numerical Linear Algebra - Tut (Suite 2)/02","MATH10098_SV1_SEM1","#SPLUSD98BE1","Tutorial","Tuesday","9:00","9:50","3217 - Teaching Studio"
"MATH3 Numerical Linear Algebra - Tut (Suite 2)/03","MATH10098_SV1_SEM1","#SPLUSD98BE3","Tutorial","Tuesday","9:00","9:50","1501"
"MATH3 Numerical Linear Algebra - Tut (Suite 3)/08","MATH10098_SV1_SEM1","#SPLUSD98BF0","Tutorial","Thursday","9:00","9:50","6301"
"MATH3 Numerical Linear Algebra - Tut (Suite 3)/09","MATH10098_SV1_SEM1","#SPLUSD98BF2","Tutorial","Thursday","9:00","9:50","6201"
"MATH4/5 Entrepreneurship in the Math Sci - Tut (Online)/05","MATH10099_SV1_SEM1","#SPLUSB46928","Tutorial - Online Live","Friday","15:30","17:30",""
"MATH4/5 Entrepreneurship in the Math Sci - Tut (Online)/06","MATH10099_SV1_SEM1","#SPLUS9BDE3A","Tutorial - Online Live","Tuesday","10:30","12:30",""
"MATH4/5 Entrepreneurship in the Math Sci - Tut (Suite 1)/01","MATH10099_SV1_SEM1","#SPLUSB4691F","Tutorial","Friday","15:30","17:30","5326"
"MATH4/5 Entrepreneurship in the Math Sci - Tut (Suite 1)/02","MATH10099_SV1_SEM1","#SPLUSB46921","Tutorial","Friday","15:30","17:30","5327"
"MATH4/5 Entrepreneurship in the Math Sci - Tut (Suite 1)/03","MATH10099_SV1_SEM1","#SPLUSB46923","Tutorial","Friday","15:30","17:30","5328"
"MATH4/5 Entrepreneurship in the Math Sci - Tut (Suite 1)/04","MATH10099_SV1_SEM1","#SPLUSB46925","Tutorial","Friday","15:30","17:30","5205"
"MATH4/5 Intro to PDE- Tut/01","MATH10100_SV1_SEM1","#SPLUS9BDE9F","Tutorial - Online Live","Thursday","9:00","9:50",""
"MATH4/5 Intro to PDE- Tut/02","MATH10100_SV1_SEM1","#SPLUS9BDEA1","Tutorial - Online Live","Thursday","14:10","15:00",""
"MATH4/5 Statistical Case Studies - Drop-in/Lab","MATH10102_SS1_YR","#SPLUS9BDEE3","Laboratory - Online Live","Thursday","10:30","11:30",""
"MATH4/5 Statistical Case Studies - Drop-in/Lab","MATH10102_SS1_YR","#SPLUSD88E38","Laboratory - Online Live","Thursday","15:30","16:30",""
"MATH4/5 Statistical Case Studies - Drop-in/Lab (Online)/05","MATH10102_SS1_YR","#SPLUSB4691D","Tutorial","Friday","14:10","15:00",""
"MATH4/5 Statistical Case Studies - Drop-in/Lab (Suite 1)/02","MATH10102_SS1_YR","#SPLUSB46917","Tutorial","Friday","14:10","15:00","5327"
"MATHO Methodology, Modelling and Consulting Skills - Office hours","MATH11007_SV1_SEM1","#SPLUS1BB69E","Activity - Online Live","Monday","13:10","14:00",""
"MATHO Methodology, Modelling and Consulting Skills - Tut (Online)/11","MATH11007_SV1_SEM1","#SPLUSF27FBF","Tutorial - Online Live","Thursday","12:10","13:00",""
"MATHO Methodology, Modelling and Consulting Skills - Tut (Online)/12","MATH11007_SV1_SEM1","#SPLUSF27FC1","Tutorial - Online Live","Thursday","14:10","15:00",""
"MATHO Methodology, Modelling and Consulting Skills - Tut (Online)/13","MATH11007_SV1_SEM1","#SPLUSF27FC3","Tutorial - Online Live","Thursday","15:30","16:30",""
"MATHO Methodology, Modelling and Consulting Skills - Tut (Suite 1)/07","MATH11007_SV1_SEM1","#SPLUSF27FB7","Tutorial","Thursday","15:30","16:30","5326"
"MATHO Methodology, Modelling and Consulting Skills - Tut (Suite 1)/08","MATH11007_SV1_SEM1","#SPLUSF27FB9","Tutorial","Thursday","15:30","16:30","5327"
"MATHO Methodology, Modelling and Consulting Skills - Tut (Suite 1)/09","MATH11007_SV1_SEM1","#SPLUSF27FBB","Tutorial","Thursday","15:30","16:30","5328"
"MATHO Methodology, Modelling and Consulting Skills - Tut (Suite 1)/10","MATH11007_SV1_SEM1","#SPLUSF27FBD","Tutorial","Thursday","15:30","16:30","5205"
"MATHO Methodology, Modelling and Consulting Skills - Tut (Suite 2)/01","MATH11007_SV1_SEM1","#SPLUSF27FA3","Tutorial","Thursday","12:10","13:00","3217 - Teaching Studio"
"MATHO Methodology, Modelling and Consulting Skills - Tut (Suite 2)/02","MATH11007_SV1_SEM1","#SPLUSF27FA5","Tutorial","Thursday","12:10","13:00","3217 - Teaching Studio"
"MATHO Methodology, Modelling and Consulting Skills - Tut (Suite 2)/03","MATH11007_SV1_SEM1","#SPLUSF27FA7","Tutorial","Thursday","12:10","13:00","1501"
"MATHO Methodology, Modelling and Consulting Skills - Tut (Suite 3)/04","MATH11007_SV1_SEM1","#SPLUSF27FAA","Tutorial","Thursday","14:10","15:00","6301"
"MATHO Methodology, Modelling and Consulting Skills - Tut (Suite 3)/05","MATH11007_SV1_SEM1","#SPLUSF27FAC","Tutorial","Thursday","14:10","15:00","6201"
"MATHO Methodology, Modelling and Consulting Skills - Tut (Suite 3)/06","MATH11007_SV1_SEM1","#SPLUSF27FAE","Tutorial","Thursday","14:10","15:00","6206"
"MATHO Stochastic Modelling - Office hours","MATH11029_SS1_SEM1","#SPLUS1BB6BA","Activity - Online Live","Friday","14:10","15:00",""
"MATHO Stochastic Modelling - Tut (online)/05","MATH11029_SS1_SEM1","#SPLUSB41946","Tutorial - Online Live","Wednesday","10:30","11:30",""
"MATHO Stochastic Modelling - Tut (online)/09","MATH11029_SS1_SEM1","#SPLUSB4194E","Tutorial - Online Live","Wednesday","12:10","13:00",""
"MATHO Stochastic Modelling - Tut (online)/16","MATH11029_SS1_SEM1","#SPLUSB4195E","Tutorial - Online Live","Wednesday","14:10","15:00",""
"MATHO Stochastic Modelling - Tut (Suite 1)/01","MATH11029_SS1_SEM1","#SPLUSB4193E","Tutorial","Wednesday","10:30","11:30","5327"
"MATHO Stochastic Modelling - Tut (Suite 1)/02","MATH11029_SS1_SEM1","#SPLUSB41940","Tutorial","Wednesday","10:30","11:30","5328"
"MATHO Stochastic Modelling - Tut (Suite 1)/03","MATH11029_SS1_SEM1","#SPLUSB41942","Tutorial","Wednesday","10:30","11:30","5326"
"MATHO Stochastic Modelling - Tut (Suite 1)/04","MATH11029_SS1_SEM1","#SPLUSB41944","Tutorial","Wednesday","10:30","11:30","5205"
"MATHO Stochastic Modelling - Tut (Suite 2)/06","MATH11029_SS1_SEM1","#SPLUSB41948","Tutorial","Wednesday","12:10","13:00","3217 - Teaching Studio"
"MATHO Stochastic Modelling - Tut (Suite 2)/07","MATH11029_SS1_SEM1","#SPLUSB4194A","Tutorial","Wednesday","12:10","13:00","3217 - Teaching Studio"
"MATHO Stochastic Modelling - Tut (Suite 2)/08","MATH11029_SS1_SEM1","#SPLUSB4194C","Tutorial","Wednesday","12:10","13:00","1501"
"MATHO Stochastic Modelling - Tut (Suite 2)/13","MATH11029_SS1_SEM1","#SPLUSB41958","Tutorial","Wednesday","14:10","15:00","3217 - Teaching Studio"
"MATHO Stochastic Modelling - Tut (Suite 2)/14","MATH11029_SS1_SEM1","#SPLUSB4195A","Tutorial","Wednesday","14:10","15:00","3217 - Teaching Studio"
"MATHO Stochastic Modelling - Tut (Suite 2)/15","MATH11029_SS1_SEM1","#SPLUSB4195C","Tutorial","Wednesday","14:10","15:00","1501"
"MATHO Stochastic Modelling - Tut (Suite 3)/10","MATH11029_SS1_SEM1","#SPLUSB41950","Tutorial","Wednesday","12:10","13:00","6301"
"MATHO Stochastic Modelling - Tut (Suite 3)/11","MATH11029_SS1_SEM1","#SPLUSB41952","Tutorial","Wednesday","12:10","13:00","6201"
"MATHO Stochastic Modelling - Tut (Suite 3)/12","MATH11029_SS1_SEM1","#SPLUSB41954","Tutorial","Wednesday","12:10","13:00","6206"
"MATHF Finance, Risk and Uncertainty - Lecture","MATH11088_SS1_SEM1","#SPLUS24F0D1","Lecture - Online Live","Tuesday","10:30","11:30",""
"MATHF Finance, Risk and Uncertainty - Tut (online)/01","MATH11088_SS1_SEM1","#SPLUSB418AF","Tutorial - Online Live","Wednesday","14:10","15:00",""
"MATHO Fundamentals of Optimization - Office hours","MATH11111_SS1_SEM1","#SPLUS1BB696","Activity - Online Live","Monday","11:10","12:00",""
"MATHO Fundamentals of Optimization - Tut (Online)/28","MATH11111_SS1_SEM1","#SPLUSF27EE5","Tutorial - Online Live","Thursday","9:00","9:50",""
"MATHO Fundamentals of Optimization - Tut (Online)/29","MATH11111_SS1_SEM1","#SPLUSF27EE7","Tutorial - Online Live","Thursday","10:30","11:30",""
"MATHO Fundamentals of Optimization - Tut (Online)/30","MATH11111_SS1_SEM1","#SPLUSF27EE9","Tutorial - Online Live","Thursday","14:10","15:00",""
"MATHO Fundamentals of Optimization - Tut (Online)/31","MATH11111_SS1_SEM1","#SPLUSF27EEB","Tutorial - Online Live","Thursday","15:30","16:30",""
"MATHO Fundamentals of Optimization - Tut (Online)/32","MATH11111_SS1_SEM1","#SPLUSF27EED","Tutorial - Online Live","Friday","10:30","11:30",""
"MATHO Fundamentals of Optimization - Tut (Online)/33","MATH11111_SS1_SEM1","#SPLUSF27EEF","Tutorial - Online Live","Friday","14:10","15:00",""
"MATHO Fundamentals of Optimization - Tut (online)/34","MATH11111_SS1_SEM1","#SPLUSB418C1","Tutorial - Online Live","Friday","14:10","15:00",""
"MATHO Fundamentals of Optimization - Tut (Suite 1)/01","MATH11111_SS1_SEM1","#SPLUSF27EAB","Tutorial","Thursday","9:00","9:50","5326"
"MATHO Fundamentals of Optimization - Tut (Suite 1)/02","MATH11111_SS1_SEM1","#SPLUSF27EAD","Tutorial","Thursday","9:00","9:50","5327"
"MATHO Fundamentals of Optimization - Tut (Suite 1)/03","MATH11111_SS1_SEM1","#SPLUSF27EAF","Tutorial","Thursday","9:00","9:50","5328"
"MATHO Fundamentals of Optimization - Tut (Suite 1)/04","MATH11111_SS1_SEM1","#SPLUSF27EB1","Tutorial","Thursday","9:00","9:50","5205"
"MATHO Fundamentals of Optimization - Tut (Suite 1)/11","MATH11111_SS1_SEM1","#SPLUSF27EC2","Tutorial","Thursday","14:10","15:00","5326"
"MATHO Fundamentals of Optimization - Tut (Suite 1)/12","MATH11111_SS1_SEM1","#SPLUSF27EC4","Tutorial","Thursday","14:10","15:00","5327"
"MATHO Fundamentals of Optimization - Tut (Suite 1)/13","MATH11111_SS1_SEM1","#SPLUSF27EC6","Tutorial","Thursday","14:10","15:00","5328"
"MATHO Fundamentals of Optimization - Tut (Suite 1)/14","MATH11111_SS1_SEM1","#SPLUSF27EC8","Tutorial","Thursday","14:10","15:00","5205"
"MATHO Fundamentals of Optimization - Tut (Suite 1)/21","MATH11111_SS1_SEM1","#SPLUSF27ED7","Tutorial","Friday","10:30","11:30","5326"
"MATHO Fundamentals of Optimization - Tut (Suite 1)/22","MATH11111_SS1_SEM1","#SPLUSF27ED9","Tutorial","Friday","10:30","11:30","5327"
"MATHO Fundamentals of Optimization - Tut (Suite 1)/23","MATH11111_SS1_SEM1","#SPLUSF27EDB","Tutorial","Friday","10:30","11:30","5328"
"MATHO Fundamentals of Optimization - Tut (Suite 1)/24","MATH11111_SS1_SEM1","#SPLUSF27EDD","Tutorial","Friday","10:30","11:30","5205"
"MATHO Fundamentals of Optimization - Tut (Suite 2)/05","MATH11111_SS1_SEM1","#SPLUSF27EB5","Tutorial","Thursday","10:30","11:30","3217 - Teaching Studio"
"MATHO Fundamentals of Optimization - Tut (Suite 2)/06","MATH11111_SS1_SEM1","#SPLUSF27EB7","Tutorial","Thursday","10:30","11:30","3217 - Teaching Studio"
"MATHO Fundamentals of Optimization - Tut (Suite 2)/07","MATH11111_SS1_SEM1","#SPLUSF27EB9","Tutorial","Thursday","10:30","11:30","1501"
"MATHO Fundamentals of Optimization - Tut (Suite 2)/15","MATH11111_SS1_SEM1","#SPLUSF27ECA","Tutorial","Thursday","15:30","16:30","3217 - Teaching Studio"
"MATHO Fundamentals of Optimization - Tut (Suite 2)/16","MATH11111_SS1_SEM1","#SPLUSF27ECC","Tutorial","Thursday","15:30","16:30","3217 - Teaching Studio"
"MATHO Fundamentals of Optimization - Tut (Suite 2)/17","MATH11111_SS1_SEM1","#SPLUSF27ECE","Tutorial","Thursday","15:30","16:30","1501"
"MATHO Fundamentals of Optimization - Tut (Suite 3)/08","MATH11111_SS1_SEM1","#SPLUSF27EBB","Tutorial","Thursday","10:30","11:30","6301"
"MATHO Fundamentals of Optimization - Tut (Suite 3)/09","MATH11111_SS1_SEM1","#SPLUSF27EBD","Tutorial","Thursday","10:30","11:30","6201"
"MATHO Fundamentals of Optimization - Tut (Suite 3)/10","MATH11111_SS1_SEM1","#SPLUSF27EBF","Tutorial","Thursday","10:30","11:30","6206"
"MATHO Fundamentals of Optimization - Tut (Suite 3)/18","MATH11111_SS1_SEM1","#SPLUSF27ED0","Tutorial","Thursday","15:30","16:30","6301"
"MATHO Fundamentals of Optimization - Tut (Suite 3)/19","MATH11111_SS1_SEM1","#SPLUSF27ED2","Tutorial","Thursday","15:30","16:30","6201"
"MATHO Fundamentals of Optimization - Tut (Suite 3)/20","MATH11111_SS1_SEM1","#SPLUSF27ED4","Tutorial","Thursday","15:30","16:30","6206"
"MATHO Fundamentals of Optimization - Tut (Suite 3)/25","MATH11111_SS1_SEM1","#SPLUSB418BB","Tutorial","Friday","14:10","15:00","6301"
"MATHO Fundamentals of Optimization - Tut (Suite 3)/26","MATH11111_SS1_SEM1","#SPLUSB418BD","Tutorial","Friday","14:10","15:00","6201"
"MATHO Fundamentals of Optimization - Tut (Suite 3)/27","MATH11111_SS1_SEM1","#SPLUSB418BF","Tutorial","Friday","14:10","15:00","6206"
"MATH4/5 Real Analysis - Tut (Online)/07","MATH11136_SV1_SEM1","#SPLUSF28001","Tutorial - Online Live","Friday","9:00","9:50",""
"MATH4/5 Real Analysis - Tut (Online)/08","MATH11136_SV1_SEM1","#SPLUSF28003","Tutorial - Online Live","Friday","14:10","15:00",""
"MATH4/5 Real Analysis - Tut (Suite 3)/01","MATH11136_SV1_SEM1","#SPLUSF27FF4","Tutorial","Friday","9:00","9:50","6301"
"MATH4/5 Real Analysis - Tut (Suite 3)/02","MATH11136_SV1_SEM1","#SPLUSF27FF6","Tutorial","Friday","9:00","9:50","6201"
"MATH4/5 Real Analysis - Tut (Suite 3)/03","MATH11136_SV1_SEM1","#SPLUSF27FF8","Tutorial","Friday","9:00","9:50","6206"
"MATH4 Topics in Noncommutative Algebra - Tut (Online)/07","MATH11143_SV1_SEM1","#SPLUSB46900","Tutorial - Online Live","Friday","12:10","13:00",""
"MATH4 Topics in Noncommutative Algebra - Tut (Online)/08","MATH11143_SV1_SEM1","#SPLUSB46902","Tutorial - Online Live","Friday","14:10","15:00",""
"MATH4 Topics in Noncommutative Algebra - Tut (Suite 3)/01","MATH11143_SV1_SEM1","#SPLUSB468F4","Tutorial","Friday","12:10","13:00","6301"
"MATH4 Topics in Noncommutative Algebra - Tut (Suite 3)/02","MATH11143_SV1_SEM1","#SPLUSB468F6","Tutorial","Friday","12:10","13:00","6201"
"MATH4 Topics in Noncommutative Algebra - Tut (Suite 3)/03","MATH11143_SV1_SEM1","#SPLUSB468F8","Tutorial","Friday","12:10","13:00","6206"
"MATH4 Topics in Noncommutative Algebra - Tut (Suite 3)/04","MATH11143_SV1_SEM1","#SPLUSB468FA","Tutorial","Friday","14:10","15:00","6301"
"MATHF Discrete-Time Finance - Tut (Online)/04","MATH11153_SS1_SEM1","#SPLUSB4188A","Tutorial - Online Live","Wednesday","12:10","13:00",""
"MATHF Discrete-Time Finance - Tut (online)/05","MATH11153_SS1_SEM1","#SPLUSB41891","Tutorial - Online Live","Wednesday","15:30","16:30",""
"MATHF Discrete-Time Finance - Tut (Suite 2)/01","MATH11153_SS1_SEM1","#SPLUSB41882","Tutorial","Wednesday","12:10","13:00","3217 - Teaching Studio"
"MATHF Discrete-Time Finance - Tut (Suite 2)/02","MATH11153_SS1_SEM1","#SPLUSB41884","Tutorial","Wednesday","12:10","13:00","3217 - Teaching Studio"
"MATHF Discrete-Time Finance - Tut (Suite 2)/03","MATH11153_SS1_SEM1","#SPLUSB41886","Tutorial","Wednesday","12:10","13:00","1501"
"MATHF Stochastic Analysis in Finance - Lecture","MATH11154_SS1_SEM1","#SPLUS1BB675","Lecture - Online Live","Thursday","9:00","10:50",""
"MATHF Stochastic Analysis in Finance - Lecture","MATH11154_SS1_SEM1","#SPLUS1BB671","Lecture - Online Live","Monday","9:00","10:50",""
"MATHF Stochastic Analysis in Finance - Tut (Online)/04","MATH11154_SS1_SEM1","#SPLUSD98C3B","Tutorial - Online Live","Wednesday","10:30","11:30",""
"MATHF Stochastic Analysis in Finance - Tut (Online)/05","MATH11154_SS1_SEM1","#SPLUSD98C3D","Tutorial - Online Live","Wednesday","10:30","11:30",""
"MATHF Stochastic Analysis in Finance - Tut (Online)/06","MATH11154_SS1_SEM1","#SPLUSD98C3F","Tutorial - Online Live","Wednesday","10:30","11:30",""
"MATHF Stochastic Analysis in Finance - Tut (Online)/07","MATH11154_SS1_SEM1","#SPLUSD98C41","Tutorial - Online Live","Wednesday","10:30","11:30",""
"MATHF Stochastic Analysis in Finance - Tut (Online)/08","MATH11154_SS1_SEM1","#SPLUSD98C43","Tutorial - Online Live","Wednesday","10:30","11:30",""
"MATHF Stochastic Analysis in Finance - Tut (Online)/09","MATH11154_SS1_SEM1","#SPLUSD98C46","Tutorial - Online Live","Wednesday","12:10","13:00",""
"MATHF Stochastic Analysis in Finance - Tut (online)/10","MATH11154_SS1_SEM1","#SPLUSB41927","Tutorial - Online Live","Wednesday","14:10","15:00",""
"MATHF Stochastic Analysis in Finance - Tut (online)/11","MATH11154_SS1_SEM1","#SPLUSB41935","Tutorial - Online Live","Wednesday","9:00","9:50",""
"MATHF Stochastic Analysis in Finance - Tut (Suite 2)/01","MATH11154_SS1_SEM1","#SPLUSD98C28","Tutorial","Wednesday","9:00","9:50","3217 - Teaching Studio"
"MATHF Stochastic Analysis in Finance - Tut (Suite 2)/02","MATH11154_SS1_SEM1","#SPLUSD98C2A","Tutorial","Wednesday","9:00","9:50","3217 - Teaching Studio"
"MATHF Stochastic Analysis in Finance - Tut (Suite 2)/03","MATH11154_SS1_SEM1","#SPLUSD98C2C","Tutorial","Wednesday","9:00","9:50","1501"
"MATHO Statistical Programming - Tutorial/01","MATH11176_SS1_SEM1","#SPLUSB41913","Laboratory","Tuesday","10:30","11:30",""
"MATHO Statistical Programming - Tutorial/02","MATH11176_SS1_SEM1","#SPLUSB41915","Laboratory","Tuesday","12:10","13:00",""
"MATHO Statistical Programming - Tutorial/03","MATH11176_SS1_SEM1","#SPLUSB41917","Laboratory","Tuesday","14:10","15:00",""
"MATHO Statistical Programming - Tutorial/04","MATH11176_SS1_SEM1","#SPLUSB41919","Laboratory","Tuesday","15:30","16:30",""
"MATHO Bayesian Theory - Tut (Online)/14","MATH11177_SS1_SEM1","#SPLUSF27F99","Tutorial - Online Live","Thursday","9:00","9:50",""
"MATHO Bayesian Theory - Tut (Online)/15","MATH11177_SS1_SEM1","#SPLUSF27F9B","Tutorial - Online Live","Thursday","10:30","11:30",""
"MATHO Bayesian Theory - Tut (Online)/16","MATH11177_SS1_SEM1","#SPLUSF27F9D","Tutorial - Online Live","Thursday","14:10","15:00",""
"MATHO Bayesian Theory - Tut (Suite 1)/07","MATH11177_SS1_SEM1","#SPLUSF27F8A","Tutorial","Thursday","10:30","11:30","5326"
"MATHO Bayesian Theory - Tut (Suite 1)/08","MATH11177_SS1_SEM1","#SPLUSF27F8C","Tutorial","Thursday","10:30","11:30","5327"
"MATHO Bayesian Theory - Tut (Suite 1)/09","MATH11177_SS1_SEM1","#SPLUSF27F8E","Tutorial","Thursday","10:30","11:30","5328"
"MATHO Bayesian Theory - Tut (Suite 1)/10","MATH11177_SS1_SEM1","#SPLUSF27F90","Tutorial","Thursday","10:30","11:30","5205"
"MATHO Bayesian Theory - Tut (Suite 2)/01","MATH11177_SS1_SEM1","#SPLUSF27F75","Tutorial","Thursday","9:00","9:50","3217 - Teaching Studio"
"MATHO Bayesian Theory - Tut (Suite 2)/02","MATH11177_SS1_SEM1","#SPLUSF27F77","Tutorial","Thursday","9:00","9:50","3217 - Teaching Studio"
"MATHO Bayesian Theory - Tut (Suite 2)/03","MATH11177_SS1_SEM1","#SPLUSF27F79","Tutorial","Thursday","9:00","9:50","1501"
"MATHO Bayesian Theory - Tut (Suite 2)/11","MATH11177_SS1_SEM1","#SPLUSF27F92","Tutorial","Thursday","14:10","15:00","3217 - Teaching Studio"
"MATHO Bayesian Theory - Tut (Suite 2)/12","MATH11177_SS1_SEM1","#SPLUSF27F94","Tutorial","Thursday","14:10","15:00","3217 - Teaching Studio"
"MATHO Bayesian Theory - Tut (Suite 2)/13","MATH11177_SS1_SEM1","#SPLUSF27F96","Tutorial","Thursday","14:10","15:00","1501"
"MATHO Bayesian Theory - Tut (Suite 3)/04","MATH11177_SS1_SEM1","#SPLUSF27F84","Tutorial","Thursday","9:00","9:50","6301"
"MATHO Bayesian Theory - Tut (Suite 3)/05","MATH11177_SS1_SEM1","#SPLUSF27F86","Tutorial","Thursday","9:00","9:50","6201"
"MATHO Bayesian Theory - Tut (Suite3)/06","MATH11177_SS1_SEM1","#SPLUSF27F88","Tutorial","Thursday","9:00","9:50","6206"
"MATH4/5 Variational Calculus","MATH11179_SV1_SEM1","#SPLUS50F5CC","Lecture - Online Live","Wednesday","14:10","15:00",""
"MATH4/5 Variational Calculus","MATH11179_SV1_SEM1","#SPLUS1BB659","Lecture - Online Live","Monday","14:10","15:00",""
"MATH4/5 Variational Calculus - Tut (online)/01","MATH11179_SV1_SEM1","#SPLUSB41968","Tutorial - Online Live","Thursday","10:30","11:30",""
"MATH4/5 Variational Calculus - Tut (online)/02","MATH11179_SV1_SEM1","#SPLUSB4196A","Tutorial - Online Live","Thursday","15:30","16:30",""
"MATHO Incomplete Data Analysis - Tut (Online)/11","MATH11185_SS1_SEM1","#SPLUSF27E06","Tutorial - Online Live","Wednesday","15:30","16:30",""
"MATHO Incomplete Data Analysis - Tut (Online)/12","MATH11185_SS1_SEM1","#SPLUSF27E08","Tutorial - Online Live","Wednesday","17:10","18:00",""
"MATHO Incomplete Data Analysis - Tut (Online)/13","MATH11185_SS1_SEM1","#SPLUS26523B","Tutorial","Wednesday","14:10","15:00",""
"MATHO Incomplete Data Analysis - Tut (Suite 1)/01","MATH11185_SS1_SEM1","#SPLUSF27DE7","Tutorial","Wednesday","15:30","16:30","5326"
"MATHO Incomplete Data Analysis - Tut (Suite 1)/02","MATH11185_SS1_SEM1","#SPLUSF27DE9","Tutorial","Wednesday","15:30","16:30","5327"
"MATHO Incomplete Data Analysis - Tut (Suite 1)/03","MATH11185_SS1_SEM1","#SPLUSF27DEB","Tutorial","Wednesday","15:30","16:30","5328"
"MATHO Incomplete Data Analysis - Tut (Suite 1)/04","MATH11185_SS1_SEM1","#SPLUSF27DED","Tutorial","Wednesday","15:30","16:30","5205"
"MATHO Incomplete Data Analysis - Tut (Suite 2)/05","MATH11185_SS1_SEM1","#SPLUSF27DF3","Tutorial","Wednesday","17:10","18:00","3217 - Teaching Studio"
"MATHO Incomplete Data Analysis - Tut (Suite 2)/06","MATH11185_SS1_SEM1","#SPLUSF27DF5","Tutorial","Wednesday","17:10","18:00","3217 - Teaching Studio"
"MATHO Incomplete Data Analysis - Tut (Suite 2)/07","MATH11185_SS1_SEM1","#SPLUSF27DF7","Tutorial","Wednesday","17:10","18:00","1501"
"MATHO Incomplete Data Analysis - Tut (Suite 3)/08","MATH11185_SS1_SEM1","#SPLUSF27DFC","Tutorial","Wednesday","17:10","18:00","6301"
"MATHO Incomplete Data Analysis - Tut (Suite 3)/09","MATH11185_SS1_SEM1","#SPLUSF27DFE","Tutorial","Wednesday","17:10","18:00","6201"
"MATHO Incomplete Data Analysis - Tut (Suite 3)/10","MATH11185_SS1_SEM1","#SPLUSF27E00","Tutorial","Wednesday","17:10","18:00","6206"
"MATHO Research Skills for Computational Applied Mathematics - Tut (Online)/04","MATH11197_SS1_YR","#SPLUSB46940","Tutorial - Online Live","Friday","11:10","13:00",""
"MATHO Research Skills for Computational Applied Mathematics - Tut (Suite 2)/01","MATH11197_SS1_YR","#SPLUSB4693A","Tutorial","Friday","11:10","13:00","3217 - Teaching Studio"
"MATHO Research Skills for Computational Applied Mathematics - Tut (Suite 2)/02","MATH11197_SS1_YR","#SPLUSB4693C","Tutorial","Friday","11:10","13:00","3217 - Teaching Studio"
"MATHO Research Skills for Computational Applied Mathematics - Tut (Suite 2)/03","MATH11197_SS1_YR","#SPLUSB4693E","Tutorial","Friday","11:10","13:00","1501"
"MATHO Python Programming - Tut (Online)/24","MATH11199_SS1_SEM1","#SPLUSF27DCC","Tutorial - Online Live","Wednesday","12:10","13:00",""
"MATHO Python Programming - Tut (Online)/25","MATH11199_SS1_SEM1","#SPLUSF27DCE","Tutorial - Online Live","Wednesday","10:30","11:30",""
"MATHO Python Programming - Tut (Online)/26","MATH11199_SS1_SEM1","#SPLUSF27DD0","Tutorial - Online Live","Wednesday","14:10","15:00",""
"MATHO Python Programming - Tut (Online)/27","MATH11199_SS1_SEM1","#SPLUSF27DD2","Tutorial - Online Live","Wednesday","15:30","16:30",""
"MATHO Python Programming - Tut (Online)/28","MATH11199_SS1_SEM1","#SPLUSF27DD4","Tutorial - Online Live","Friday","9:00","9:50",""
"MATHO Python Programming - Tut (Suite 2)/21","MATH11199_SS1_SEM1","#SPLUSF27DBA","Tutorial","Friday","9:00","9:50","3217 - Teaching Studio"
